ISO_Code,Country,Year,"School life expectancy, primary, male (years)","School life expectancy, primary, female (years)","Out-of-school children of primary school age, male (number)","Out-of-school children of primary school age, female (number)","Survival rate to the last grade of primary education, male (%)","Survival rate to the last grade of primary education, female (%)","Survival rate to the last grade of primary education, both sexes (%)","Enrolment in primary education, male (number)","Enrolment in primary education, female (number)","Teachers in primary education, both sexes (number)",Percentage of teachers in primary education who are female (%),Expenditure on school books and teaching material as % of total expenditure in primary public institutions (%),Teaching staff compensation as a percentage of total expenditure in primary public institutions (%)
DZA,Algeria,2010,5.83,5.48,#N/B,#N/B,94.01,95.13,94.55,#N/B,#N/B,141994,52.54,#N/B,#N/B
AGO,Angola,2010,8,6.44,85083,358655,#N/B,#N/B,#N/B,2361331,1911675,93734,#N/B,#N/B,#N/B
BWA,Botswana,2010,7.79,7.58,#N/B,#N/B,#N/B,#N/B,#N/B,169556,161640,12749,75.76,#N/B,#N/B
BFA,Burkina Faso,2010,5.03,4.53,521179,576776,67.84,79.42,73.2,1089912,957718,39077,34.3,#N/B,#N/B
CPV,Cabo Verde,2010,6.49,6.29,3127,2345,89.57,89.08,89.31,37029,34105,3009,67.53,#N/B,#N/B
CMR,Cameroon,2010,7.24,6.18,#N/B,#N/B,56.92,57.28,57.09,1895541,1614855,76655,48,5.551,73.64
BDI,Burundi,2010,8.41,8.29,47465,32412,47.26,54.49,50.72,931034,918827,36557,52.81,0.013,74.37
CAF,Central African Republic,2010,5.79,4.19,118772,179569,48.58,43.92,46.47,370173,266698,7553,14.34,0.055,89.01
TCD,Chad,2010,5.56,4.13,#N/B,#N/B,50.9,47.08,49.34,1001392,725638,27764,#N/B,#N/B,#N/B
COM,Comoros,2010,#N/B,#N/B,#N/B,#N/B,#N/B,#N/B,#N/B,#N/B,#N/B,#N/B,#N/B,#N/B,#N/B
COG,"Congo, Rep.",2010,6.82,6.41,39588,50068,#N/B,#N/B,#N/B,364335,340758,14347,52.94,0.821,#N/B
COD,"Congo, Dem. Rep.",2010,5.93,5.12,#N/B,#N/B,59.73,48.52,54.47,5679371,4893051,285640,27.13,#N/B,80.01
CIV,Cote d'Ivoire,2010,#N/B,#N/B,#N/B,#N/B,#N/B,#N/B,#N/B,#N/B,#N/B,#N/B,#N/B,3.54,61.64
DJI,Djibouti,2010,#N/B,#N/B,#N/B,#N/B,#N/B,#N/B,#N/B,#N/B,#N/B,#N/B,#N/B,#N/B,#N/B
EGY,"Egypt, Arab Rep.",2010,5.58,5.38,#N/B,#N/B,#N/B,#N/B,#N/B,5497373,5044765,380111,52.88,#N/B,#N/B
GNQ,Equatorial Guinea,2010,3.48,3.5,50238,46333,52.56,58.3,55.34,43294,41767,3131,35.77,#N/B,#N/B
ERI,Eritrea,2010,3.99,3.32,74774,89624,97.44,87.9,92.98,156803,129218,7535,40.86,#N/B,#N/B
ETH,Ethiopia,2010,5.67,5.26,5807896,5745235,42.12,50.86,46.06,7162191,6473098,252232,36.33,1.196,#N/B
SWZ,Eswatini,2010,9.17,8.2,12435,13738,#N/B,#N/B,67.31,126547,114690,7463,71.9,#N/B,#N/B
GAB,Gabon,2010,#N/B,#N/B,#N/B,#N/B,#N/B,#N/B,#N/B,#N/B,#N/B,#N/B,#N/B,#N/B,#N/B
GMB,"Gambia, The",2010,4.39,4.51,124579,122075,70.43,70.18,70.29,113850,115163,4186,28.56,#N/B,32.89
GHA,Ghana,2010,#N/B,#N/B,#N/B,#N/B,#N/B,#N/B,#N/B,#N/B,#N/B,121304,36.72,2.097,83.2
GNB,Guinea-Bissau,2010,7.34,6.92,36435,38662,#N/B,#N/B,#N/B,144075,134815,5371,21.78,2.189,44.17
GIN,Guinea,2010,5.65,4.7,190731,287108,63.27,75.67,68.4,802900,650455,34451,28.77,#N/B,54.46
KEN,Kenya,2010,#N/B,#N/B,#N/B,#N/B,#N/B,#N/B,#N/B,#N/B,#N/B,#N/B,#N/B,#N/B,#N/B
LSO,Lesotho,2010,8.54,8.26,27462,22728,55.6,72.75,63.85,197909,190769,11508,76.88,#N/B,#N/B
LBY,Libya,2010,#N/B,#N/B,#N/B,#N/B,#N/B,#N/B,#N/B,#N/B,#N/B,#N/B,#N/B,#N/B,#N/B
LBR,Liberia,2010,#N/B,#N/B,#N/B,#N/B,#N/B,#N/B,#N/B,#N/B,#N/B,#N/B,#N/B,#N/B,#N/B
MWI,Malawi,2010,8.46,8.44,#N/B,#N/B,64.54,62.33,63.42,1693619,1723784,43110,40.04,4.839,#N/B
MDG,Madagascar,2010,6.96,6.91,60405,3109,32.7,35,33.85,2145168,2096748,105673,56.36,#N/B,#N/B
MLI,Mali,2010,4.98,4.24,401457,524225,77.08,73.58,75.49,1100326,918225,40052,27.83,1.494,48.01
MRT,Mauritania,2010,6.07,6.1,77528,77875,#N/B,#N/B,#N/B,263682,267701,14303,36.08,#N/B,#N/B
MUS,Mauritius,2010,6.02,6.05,2432,1192,97.15,97.65,97.4,59672,57760,5472,69.85,0.168,#N/B
MOZ,Mozambique,2010,9.01,7.97,79317,216916,27.8,26.05,26.96,2783166,2494702,90236,39.2,#N/B,#N/B
MAR,Morocco,2010,6.54,6.29,175560,151990,89.8,89.02,89.42,2081293,1863908,150367,50.03,#N/B,#N/B
NAM,Namibia,2010,8.41,8,10467,7539,#N/B,#N/B,#N/B,206259,200276,13652,68.22,0.024,#N/B
NGA,Nigeria,2010,5.07,4.69,4449536,5843903,#N/B,#N/B,#N/B,11498454,10060007,574078,48.2,#N/B,#N/B
NER,Niger,2010,4.05,3.25,567115,717347,71.39,66.87,69.33,970276,756176,44710,44.68,#N/B,#N/B
RWA,Rwanda,2010,9.43,9.45,#N/B,#N/B,#N/B,#N/B,#N/B,1132556,1166770,35583,53.39,#N/B,#N/B
STP,Sao Tome and Principe,2010,7.5,7.33,1084,981,62.97,75.26,68.82,17272,16844,668,60.78,#N/B,#N/B
SEN,Senegal,2010,5.01,5.29,302528,255012,58.8,59.57,59.2,832133,862874,50369,30.6,2.438,73.44
SYC,Seychelles,2010,6.68,6.72,#N/B,#N/B,94.66,93.31,93.98,4357,4313,691,83.36,#N/B,#N/B
SOM,Somalia,2010,#N/B,#N/B,#N/B,#N/B,#N/B,#N/B,#N/B,#N/B,#N/B,#N/B,#N/B,#N/B,#N/B
SLE,Sierra Leone,2010,#N/B,#N/B,#N/B,#N/B,#N/B,#N/B,#N/B,#N/B,#N/B,#N/B,#N/B,#N/B,80.37
ZAF,South Africa,2010,7.33,7.15,#N/B,#N/B,#N/B,#N/B,#N/B,3607780,3416588,#N/B,77.12,2.923,74.26
SDN,Sudan,2010,4.26,3.82,#N/B,#N/B,#N/B,#N/B,#N/B,2146840,1877456,#N/B,#N/B,#N/B,#N/B
SSD,South Sudan,2010,#N/B,#N/B,#N/B,#N/B,#N/B,#N/B,#N/B,#N/B,#N/B,#N/B,#N/B,#N/B,#N/B
TZA,Tanzania,2010,7.21,7.13,440289,384331,58.21,#N/B,67.76,4303269,4216036,165856,50.46,#N/B,#N/B
TGO,Togo,2010,7.93,7.21,#N/B,#N/B,55.38,47.74,51.73,677250,609403,31712,13.79,2.644,#N/B
TUN,Tunisia,2010,6.24,6.16,20412,12572,#N/B,#N/B,#N/B,535565,494544,60186,55.68,#N/B,#N/B
UGA,Uganda,2010,8.79,8.77,328821,284257,25.17,24.51,24.84,4179248,4195400,172403,40.91,2.065,59.58
ZMB,Zambia,2010,8.03,7.9,154208,153384,#N/B,#N/B,#N/B,1446440,1452691,54716,50.99,#N/B,#N/B
ZWE,Zimbabwe,2010,#N/B,#N/B,#N/B,#N/B,#N/B,#N/B,#N/B,#N/B,#N/B,#N/B,#N/B,#N/B,#N/B
BEN,Benin,2010,7.14,6.37,26060,99320,58.31,52.96,55.78,957155,830785,38540,19,#N/B,77.44
DZA,Algeria,2011,5.81,5.46,#N/B,#N/B,91.12,94.55,92.77,#N/B,#N/B,144537,54.92,#N/B,#N/B
AGO,Angola,2011,9.92,6.29,39402,444338,#N/B,#N/B,#N/B,3070771,1956032,118158,36.81,#N/B,#N/B
BWA,Botswana,2011,7.69,7.49,#N/B,#N/B,#N/B,#N/B,#N/B,170221,162661,12828,75.63,#N/B,#N/B
BFA,Burkina Faso,2011,5.18,4.76,480403,528618,65.67,72.79,68.97,1163784,1041511,41857,36.31,3.547,36.3
CPV,Cabo Verde,2011,6.49,6.3,2841,2207,#N/B,#N/B,#N/B,35990,33125,2972,67.29,0,#N/B
CMR,Cameroon,2011,7.2,6.19,37600,240816,69.15,70.45,69.75,1930007,1655166,78903,49.8,1.82,78.89
BDI,Burundi,2011,8.48,8.51,48170,27230,40.53,47.27,43.8,971153,975218,40288,52.89,0.565,83.9
CAF,Central African Republic,2011,5.74,4.26,133961,188485,47.35,45.35,46.56,373640,274730,7974,17.56,#N/B,#N/B
TCD,Chad,2011,6.15,4.66,348269,504919,40.58,34.68,38.06,1107259,821344,30813,15.3,#N/B,51.84
COM,Comoros,2011,6.8,6.59,#N/B,#N/B,#N/B,#N/B,#N/B,64126,52438,4201,27.8,#N/B,#N/B
COG,"Congo, Rep.",2011,6.7,6.32,#N/B,#N/B,#N/B,#N/B,#N/B,375978,351042,15438,53.85,#N/B,#N/B
COD,"Congo, Dem. Rep.",2011,6.26,5.38,#N/B,#N/B,74.87,65.84,70.73,5955532,5126969,296554,26.97,#N/B,#N/B
CIV,Cote d'Ivoire,2011,4.72,4.09,#N/B,#N/B,84.35,79.38,82.18,1507791,1249822,56455,27.02,2.709,64.6
DJI,Djibouti,2011,2.78,2.51,#N/B,#N/B,#N/B,#N/B,#N/B,32333,28659,1731,24.49,#N/B,#N/B
EGY,"Egypt, Arab Rep.",2011,5.4,5.11,#N/B,#N/B,#N/B,#N/B,#N/B,5399651,4866359,#N/B,#N/B,#N/B,#N/B
GNQ,Equatorial Guinea,2011,3.38,3.44,52171,47710,72.16,72.06,72.07,44020,42801,3111,40.12,#N/B,#N/B
ERI,Eritrea,2011,4.31,3.53,64455,82368,85.46,83.91,84.75,172153,139584,7704,40.55,#N/B,#N/B
ETH,Ethiopia,2011,5.42,5.06,5798381,5750217,46.16,49.92,47.93,7067229,6420546,259636,37.22,1.166,#N/B
SWZ,Eswatini,2011,9.24,8.15,5525,10616,#N/B,#N/B,69.34,127062,112659,7862,70.92,#N/B,#N/B
GAB,Gabon,2011,8.08,7.68,#N/B,#N/B,#N/B,#N/B,#N/B,162708,155238,12961,52.85,#N/B,#N/B
GMB,"Gambia, The",2011,4.29,4.45,127338,123940,69.91,75.4,72.65,112972,115523,6074,28.63,#N/B,40.24
GHA,Ghana,2011,#N/B,#N/B,205837,227243,#N/B,#N/B,#N/B,2028893,1933886,124359,36.71,#N/B,#N/B
GNB,Guinea-Bissau,2011,#N/B,#N/B,#N/B,#N/B,#N/B,#N/B,#N/B,#N/B,#N/B,#N/B,#N/B,2.978,46.71
GIN,Guinea,2011,5.77,4.96,160109,244376,62.58,54.09,58.58,835935,700787,34861,29.21,#N/B,61.3
KEN,Kenya,2011,#N/B,#N/B,#N/B,#N/B,#N/B,#N/B,#N/B,#N/B,#N/B,#N/B,#N/B,6.889,69.7
LSO,Lesotho,2011,8.48,8.13,106479,106366,53.83,75.07,63.9,197131,188306,11378,76.6,#N/B,#N/B
LBY,Libya,2011,#N/B,#N/B,#N/B,#N/B,#N/B,#N/B,#N/B,#N/B,#N/B,#N/B,#N/B,#N/B,#N/B
LBR,Liberia,2011,8.61,7.78,106947,115314,#N/B,#N/B,#N/B,358089,316445,25137,13.91,#N/B,#N/B
MWI,Malawi,2011,8.47,8.52,#N/B,#N/B,55.09,55.2,55.15,1753452,1800747,46852,40.32,10.554,#N/B
MDG,Madagascar,2011,6.93,6.87,#N/B,#N/B,37.74,40.26,39,2179442,2125626,99551,55.81,#N/B,#N/B
MLI,Mali,2011,4.98,4.3,414946,532675,63.55,59.42,61.59,1145378,969466,43629,28.05,4.852,59.94
MRT,Mauritania,2011,5.96,5.98,80916,80906,#N/B,#N/B,#N/B,264787,271189,13640,36.34,#N/B,#N/B
MUS,Mauritius,2011,5.99,6.01,2651,1557,97.13,97.54,97.34,58935,57133,5701,70.97,#N/B,#N/B
MOZ,Mozambique,2011,8.7,7.75,121829,245951,31.69,29.39,30.57,2761775,2491895,94798,40.62,#N/B,#N/B
MAR,Morocco,2011,6.63,6.4,144383,122866,88.65,87.79,88.24,2103914,1897399,151477,51.01,#N/B,#N/B
NAM,Namibia,2011,#N/B,#N/B,#N/B,#N/B,#N/B,#N/B,#N/B,#N/B,#N/B,#N/B,#N/B,#N/B,#N/B
NGA,Nigeria,2011,5.28,4.88,#N/B,#N/B,#N/B,#N/B,#N/B,12472437,11196466,#N/B,#N/B,#N/B,#N/B
NER,Niger,2011,4.25,3.47,523102,684583,#N/B,#N/B,#N/B,1066576,843590,48976,45.19,1.934,#N/B
RWA,Rwanda,2011,9.33,9.38,#N/B,#N/B,33.63,37.56,35.6,1150205,1190941,40299,51.58,#N/B,#N/B
STP,Sao Tome and Principe,2011,7.62,7.26,718,1080,77.76,77.11,77.47,18045,17205,1183,55.96,#N/B,#N/B
SEN,Senegal,2011,5.01,5.63,307806,252401,58.97,63.74,61.37,856659,940488,53949,31.13,3.516,66.8
SYC,Seychelles,2011,6.71,6.75,#N/B,#N/B,#N/B,#N/B,#N/B,4336,4359,656,87.8,1.503,68.5
SOM,Somalia,2011,#N/B,#N/B,#N/B,#N/B,#N/B,#N/B,#N/B,#N/B,#N/B,#N/B,#N/B,#N/B,#N/B
SLE,Sierra Leone,2011,7.09,6.86,260978,266138,#N/B,#N/B,#N/B,611604,582899,38125,25.08,#N/B,87.02
ZAF,South Africa,2011,7.37,7.18,#N/B,#N/B,#N/B,#N/B,#N/B,3578863,3378569,213440,78.59,1.917,74.49
SDN,Sudan,2011,4.2,3.71,1297914,1462804,80.74,78.85,79.87,2137534,1843595,#N/B,#N/B,#N/B,#N/B
SSD,South Sudan,2011,7.59,4.94,389793,497982,#N/B,#N/B,#N/B,880233,570505,#N/B,#N/B,#N/B,#N/B
TZA,Tanzania,2011,6.6,6.79,#N/B,#N/B,#N/B,#N/B,#N/B,4086280,4160892,180987,51.6,#N/B,#N/B
TGO,Togo,2011,7.75,7.12,#N/B,#N/B,69.64,64.2,67.09,681499,618303,31743,13.58,#N/B,78.74
TUN,Tunisia,2011,6.23,6.18,20079,11653,#N/B,#N/B,#N/B,533951,494019,59242,56.46,#N/B,#N/B
UGA,Uganda,2011,8.19,8.19,219438,178564,37.85,36.61,37.23,4039724,4058453,169503,40.91,2.189,62.15
ZMB,Zambia,2011,8.19,7.89,104322,104536,#N/B,#N/B,#N/B,1525996,1504124,54243,51.17,#N/B,#N/B
ZWE,Zimbabwe,2011,#N/B,#N/B,#N/B,#N/B,#N/B,#N/B,#N/B,#N/B,#N/B,#N/B,#N/B,#N/B,#N/B
BEN,Benin,2011,7.24,6.49,18403,94669,60.48,57.78,59.26,999166,870213,42293,19.87,#N/B,#N/B
DZA,Algeria,2012,5.76,5.45,#N/B,#N/B,94.85,97.67,96.21,#N/B,#N/B,149036,57.13,#N/B,#N/B
AGO,Angola,2012,#N/B,#N/B,#N/B,#N/B,#N/B,#N/B,#N/B,#N/B,#N/B,#N/B,#N/B,#N/B,#N/B
BWA,Botswana,2012,7.71,7.53,15793,12589,88.16,94,90.98,171323,164507,14427,74.9,#N/B,#N/B
BFA,Burkina Faso,2012,5.27,4.95,489570,527864,64.3,74.57,69.07,1225032,1118999,48592,37.65,4.061,44.04
CPV,Cabo Verde,2012,6.57,6.35,2148,1469,89.45,93.49,91.4,35510,32393,2956,67.86,#N/B,#N/B
CMR,Cameroon,2012,7.47,6.47,#N/B,#N/B,#N/B,#N/B,#N/B,2064443,1784168,84467,51.16,#N/B,79.02
BDI,Burundi,2012,8.24,8.35,59386,38002,47.05,50.96,49.04,984434,996412,42052,52.41,#N/B,#N/B
CAF,Central African Republic,2012,5.69,4.34,128576,177758,#N/B,#N/B,#N/B,377781,284536,8267,19.95,#N/B,#N/B
TCD,Chad,2012,6.15,4.74,#N/B,#N/B,54.41,46.48,50.99,1194940,895818,34125,15.37,#N/B,54.55
COM,Comoros,2012,#N/B,#N/B,#N/B,#N/B,#N/B,#N/B,#N/B,#N/B,#N/B,#N/B,#N/B,#N/B,#N/B
COG,"Congo, Rep.",2012,6.26,6.7,53609,27477,#N/B,#N/B,#N/B,356221,378272,16527,53.51,#N/B,#N/B
COD,"Congo, Dem. Rep.",2012,6.3,5.49,#N/B,#N/B,55.74,55.01,55.44,6413860,5590944,345486,25.47,#N/B,#N/B
CIV,Cote d'Ivoire,2012,4.97,4.41,#N/B,#N/B,74.58,71.33,73.12,1586356,1334435,70016,24.41,5.225,59.63
DJI,Djibouti,2012,2.87,2.57,#N/B,#N/B,80.35,70.78,75.86,33868,29744,1821,24.82,#N/B,#N/B
EGY,"Egypt, Arab Rep.",2012,5.6,5.44,774849,787819,#N/B,#N/B,#N/B,5671165,5274430,#N/B,#N/B,#N/B,#N/B
GNQ,Equatorial Guinea,2012,3.43,3.48,54455,49874,#N/B,#N/B,#N/B,46725,45304,3517,38.93,#N/B,#N/B
ERI,Eritrea,2012,4.52,3.7,57573,77475,78,77.12,77.6,184404,149841,8166,40.63,#N/B,#N/B
ETH,Ethiopia,2012,5.67,5.3,5669670,5635836,52.51,52.51,52.51,7611983,6920494,321894,36.73,1.469,#N/B
SWZ,Eswatini,2012,9.16,8.29,10918,13246,72.19,77.37,74.71,125638,113784,8239,70.37,#N/B,#N/B
GAB,Gabon,2012,#N/B,#N/B,#N/B,#N/B,#N/B,#N/B,#N/B,#N/B,#N/B,#N/B,#N/B,#N/B,#N/B
GMB,"Gambia, The",2012,4.48,4.68,131262,126036,66.92,71.94,69.45,120268,123765,7206,30.31,#N/B,36.99
GHA,Ghana,2012,#N/B,#N/B,#N/B,#N/B,#N/B,#N/B,78.9,2075010,1987016,123153,36.74,#N/B,54.77
GNB,Guinea-Bissau,2012,#N/B,#N/B,#N/B,#N/B,#N/B,#N/B,#N/B,#N/B,#N/B,#N/B,#N/B,0.77,45.26
GIN,Guinea,2012,5.94,5.05,165245,253095,65.07,46.02,55.79,874296,725543,36731,29.68,#N/B,67.07
KEN,Kenya,2012,7.03,6.97,678224,570833,#N/B,#N/B,#N/B,4038734,4014391,142345,48.13,7.876,73.35
LSO,Lesotho,2012,8.37,8.04,106454,105576,87.09,98.8,93.12,194849,186841,11200,76.6,#N/B,#N/B
LBY,Libya,2012,#N/B,#N/B,#N/B,#N/B,#N/B,#N/B,#N/B,#N/B,#N/B,#N/B,#N/B,#N/B,#N/B
LBR,Liberia,2012,#N/B,#N/B,#N/B,#N/B,#N/B,#N/B,#N/B,#N/B,#N/B,#N/B,#N/B,#N/B,#N/B
MWI,Malawi,2012,8.5,8.49,#N/B,#N/B,65.48,59.39,62.33,1827666,1859959,49775,40.1,3.929,#N/B
MDG,Madagascar,2012,6.94,6.91,#N/B,#N/B,43.36,45.39,44.39,2224012,2178710,102229,55.51,#N/B,#N/B
MLI,Mali,2012,4.78,4.15,469968,582086,#N/B,#N/B,#N/B,1142558,971299,50676,29.82,3.595,72.37
MRT,Mauritania,2012,6,5.95,90999,89034,64.91,63.36,64.13,273834,279750,13795,36.7,#N/B,#N/B
MUS,Mauritius,2012,5.93,5.93,4813,3951,94.06,97.61,95.81,57748,55886,5427,72.16,#N/B,#N/B
MOZ,Mozambique,2012,8.61,7.7,99968,225833,32.42,30.72,31.59,2813564,2545455,97717,40.97,15.452,52.99
MAR,Morocco,2012,6.63,6.42,155617,137239,91.79,91.32,91.56,2106223,1910711,155481,52.03,#N/B,#N/B
NAM,Namibia,2012,8.77,8.29,4619,2298,88.98,92.18,90.59,212499,204811,15283,#N/B,#N/B,#N/B
NGA,Nigeria,2012,5.24,5.06,#N/B,#N/B,#N/B,#N/B,#N/B,12815840,12006534,#N/B,#N/B,#N/B,#N/B
NER,Niger,2012,4.37,3.63,535524,683985,61.77,58.55,60.3,1136315,914341,52913,45.99,#N/B,#N/B
RWA,Rwanda,2012,9.32,9.28,#N/B,#N/B,30.97,38.66,34.75,1180484,1214190,40397,52.8,#N/B,#N/B
STP,Sao Tome and Principe,2012,7.07,6.68,990,1185,45.17,61.48,52.86,17360,16533,1183,55.96,#N/B,#N/B
SEN,Senegal,2012,4.99,5.57,290717,222150,56.37,58.39,57.41,880372,959610,56284,31.82,1.5,76.67
SYC,Seychelles,2012,6.81,6.81,#N/B,#N/B,#N/B,#N/B,#N/B,4367,4334,693,88.02,#N/B,#N/B
SOM,Somalia,2012,#N/B,#N/B,#N/B,#N/B,#N/B,#N/B,#N/B,#N/B,#N/B,#N/B,#N/B,#N/B,#N/B
SLE,Sierra Leone,2012,7.09,7.15,247659,238464,47.58,47.9,47.75,628329,624014,37957,25.61,#N/B,#N/B
ZAF,South Africa,2012,7.43,7.23,#N/B,#N/B,#N/B,#N/B,#N/B,3606826,3397656,212657,78.98,2.091,72.17
SDN,Sudan,2012,4.36,3.78,1579590,1468198,79.75,79.1,79.43,2218393,1924574,#N/B,#N/B,#N/B,#N/B
SSD,South Sudan,2012,#N/B,#N/B,#N/B,#N/B,#N/B,#N/B,#N/B,#N/B,#N/B,#N/B,#N/B,#N/B,#N/B
TZA,Tanzania,2012,6.39,6.57,654000,552867,41.61,51.96,46.67,4086280,4160892,180987,51.6,#N/B,#N/B
TGO,Togo,2012,7.84,7.31,#N/B,#N/B,63.91,60.67,62.39,712462,655612,32825,13.88,0.449,60.46
TUN,Tunisia,2012,6.31,6.29,#N/B,#N/B,95.29,93.01,94.13,542142,504529,61031,57.3,#N/B,#N/B
UGA,Uganda,2012,8.18,8.17,227806,184735,35.15,34.82,34.99,4157933,4170710,170652,41.21,2.426,61.14
ZMB,Zambia,2012,8.12,7.95,92108,81634,57.26,53.76,55.49,1568566,1566876,63697,53.1,#N/B,#N/B
ZWE,Zimbabwe,2012,7.22,7.09,132628,105896,80.1,82.39,81.23,1345049,1321402,74355,54.77,0,98.46
BEN,Benin,2012,7.42,6.73,#N/B,#N/B,54.72,51.54,53.23,1055307,931875,45010,20.9,3.756,55.15
DZA,Algeria,2013,5.78,5.48,#N/B,#N/B,92.35,94.54,93.41,#N/B,#N/B,155144,61.04,#N/B,90.44
AGO,Angola,2013,#N/B,#N/B,#N/B,#N/B,#N/B,#N/B,#N/B,#N/B,#N/B,#N/B,#N/B,#N/B,#N/B
BWA,Botswana,2013,7.67,7.49,18643,16036,#N/B,#N/B,#N/B,174015,166050,15035,74.29,#N/B,#N/B
BFA,Burkina Faso,2013,5.3,5.09,500101,528681,64.89,74.63,69.5,1276330,1190049,53505,39.49,4.179,41.38
CPV,Cabo Verde,2013,6.65,6.47,2152,1197,89.07,92.29,90.64,35355,32390,2955,67.58,0.352,93.28
CMR,Cameroon,2013,#N/B,#N/B,#N/B,#N/B,#N/B,#N/B,#N/B,#N/B,#N/B,#N/B,#N/B,#N/B,72.56
BDI,Burundi,2013,7.96,8.12,#N/B,#N/B,46.53,59.07,52.57,997493,1012307,44662,52.78,#N/B,#N/B
CAF,Central African Republic,2013,#N/B,#N/B,#N/B,#N/B,#N/B,#N/B,#N/B,#N/B,#N/B,#N/B,#N/B,#N/B,#N/B
TCD,Chad,2013,6.5,5.01,175581,395433,#N/B,#N/B,#N/B,1328277,1002521,37336,#N/B,#N/B,#N/B
COM,Comoros,2013,7.12,6.74,1501,3754,64.64,78.03,70.9,62912,57274,4322,42.73,#N/B,#N/B
COG,"Congo, Rep.",2013,6.1,6.17,#N/B,#N/B,#N/B,#N/B,#N/B,370320,370624,#N/B,#N/B,#N/B,#N/B
COD,"Congo, Dem. Rep.",2013,6.57,5.86,#N/B,#N/B,#N/B,#N/B,#N/B,6650197,5950679,339928,28.14,#N/B,#N/B
CIV,Cote d'Ivoire,2013,5.17,4.68,644512,636887,78.21,69.36,74.04,1627519,1393898,73691,25.03,4.176,58.27
DJI,Djibouti,2013,#N/B,#N/B,#N/B,#N/B,#N/B,#N/B,84.4,#N/B,29315,1852,24.3,#N/B,#N/B
EGY,"Egypt, Arab Rep.",2013,5.58,5.44,#N/B,#N/B,#N/B,#N/B,#N/B,5741792,5360914,#N/B,#N/B,#N/B,#N/B
GNQ,Equatorial Guinea,2013,#N/B,#N/B,#N/B,#N/B,#N/B,#N/B,#N/B,#N/B,#N/B,#N/B,#N/B,#N/B,#N/B
ERI,Eritrea,2013,4.73,4.77,62723,80188,#N/B,#N/B,#N/B,197648,198750,8680,37.47,#N/B,#N/B
ETH,Ethiopia,2013,5.35,5,#N/B,#N/B,61.68,62.89,62.25,7486843,6792619,#N/B,#N/B,1.129,#N/B
SWZ,Eswatini,2013,9.17,8.3,13818,14840,75.62,81.49,78.45,125506,113513,8507,69.8,#N/B,#N/B
GAB,Gabon,2013,#N/B,#N/B,#N/B,#N/B,#N/B,#N/B,#N/B,#N/B,#N/B,#N/B,#N/B,#N/B,#N/B
GMB,"Gambia, The",2013,4.48,4.68,61797,53534,65.95,71.99,68.99,126230,129727,7084,29.45,#N/B,80.59
GHA,Ghana,2013,#N/B,#N/B,#N/B,#N/B,85.1,82.29,83.71,2096218,2009695,129599,37.91,#N/B,#N/B
GNB,Guinea-Bissau,2013,#N/B,#N/B,#N/B,#N/B,#N/B,#N/B,#N/B,#N/B,#N/B,#N/B,#N/B,#N/B,32.3
GIN,Guinea,2013,6.07,5.17,149618,243426,66.68,65,65.89,909792,756364,37687,30,#N/B,47.96
KEN,Kenya,2013,#N/B,#N/B,#N/B,#N/B,#N/B,#N/B,#N/B,#N/B,#N/B,#N/B,#N/B,6.667,76.93
LSO,Lesotho,2013,8.37,8.04,26926,21735,58.19,81.28,68.72,188050,181419,11324,75.6,#N/B,#N/B
LBY,Libya,2013,#N/B,#N/B,#N/B,#N/B,#N/B,#N/B,#N/B,#N/B,#N/B,#N/B,#N/B,#N/B,#N/B
LBR,Liberia,2013,3.28,2.98,#N/B,#N/B,#N/B,#N/B,#N/B,197521,176201,15688,14.51,#N/B,#N/B
MWI,Malawi,2013,8.5,8.49,#N/B,#N/B,53.53,54.63,54.07,1962792,1988819,57148,39.93,5.904,#N/B
MDG,Madagascar,2013,6.94,6.91,#N/B,#N/B,35.26,37.19,36.23,2260218,2222812,112734,54.14,#N/B,69.33
MLI,Mali,2013,4.04,4.39,#N/B,#N/B,#N/B,#N/B,#N/B,1001256,1067454,50095,29.64,4.057,69.4
MRT,Mauritania,2013,5.95,5.87,87622,90150,#N/B,#N/B,#N/B,281859,287094,16082,36.21,#N/B,#N/B
MUS,Mauritius,2013,5.81,5.88,3825,2731,97.62,98.87,98.24,55192,53905,5512,73,#N/B,#N/B
MOZ,Mozambique,2013,8.69,7.83,55472,186406,31.33,30.13,30.75,2917926,2649881,101372,41.27,#N/B,#N/B
MAR,Morocco,2013,6.6,6.38,131588,120682,89.69,88.79,89.25,2106004,1915048,154754,54.01,#N/B,#N/B
NAM,Namibia,2013,8.79,8.34,#N/B,#N/B,#N/B,#N/B,#N/B,216658,208584,#N/B,#N/B,#N/B,#N/B
NGA,Nigeria,2013,5.47,5.27,#N/B,#N/B,#N/B,#N/B,#N/B,13510354,12657191,#N/B,#N/B,#N/B,#N/B
NER,Niger,2013,4.44,3.71,565552,712062,63.39,65.66,64.4,1197617,968651,59653,46.95,4.906,65.08
RWA,Rwanda,2013,7.27,7.51,#N/B,#N/B,30.35,38.94,34.56,1183306,1218858,40159,53.11,#N/B,#N/B
STP,Sao Tome and Principe,2013,6.98,6.65,1250,1447,62.7,74.12,68.06,17718,17015,1107,55.1,#N/B,#N/B
SEN,Senegal,2013,4.84,5.44,307187,234976,63.06,67.89,65.52,880991,964658,57232,32.02,0.792,77.18
SYC,Seychelles,2013,6.84,6.87,#N/B,#N/B,#N/B,#N/B,#N/B,4393,4289,661,87.59,#N/B,#N/B
SOM,Somalia,2013,#N/B,#N/B,#N/B,#N/B,#N/B,#N/B,#N/B,#N/B,#N/B,#N/B,#N/B,#N/B,#N/B
SLE,Sierra Leone,2013,7.09,7.15,#N/B,#N/B,#N/B,#N/B,#N/B,648768,651044,37317,27.11,#N/B,#N/B
ZAF,South Africa,2013,7.39,7.18,#N/B,#N/B,#N/B,#N/B,#N/B,3639211,3424638,220544,78.9,2.213,72.81
SDN,Sudan,2013,4.39,3.85,1598630,1470565,69.47,78.24,73.45,2288967,2002949,#N/B,#N/B,#N/B,#N/B
SSD,South Sudan,2013,#N/B,#N/B,#N/B,#N/B,#N/B,#N/B,#N/B,#N/B,#N/B,#N/B,#N/B,0,93.63
TZA,Tanzania,2013,6.39,6.57,810447,692505,44.39,51.55,47.94,4066287,4165626,189487,51.84,#N/B,#N/B
TGO,Togo,2013,7.92,7.47,#N/B,#N/B,54.17,51.37,52.83,731115,681241,34375,14.66,0.468,70.21
TUN,Tunisia,2013,6.38,6.32,#N/B,#N/B,92.81,95.18,93.97,552260,511031,61002,58.07,#N/B,#N/B
UGA,Uganda,2013,8.03,8.03,181019,128991,#N/B,#N/B,#N/B,4219326,4240010,185548,41.69,2.791,59.09
ZMB,Zambia,2013,7.69,7.52,129931,132609,#N/B,#N/B,#N/B,1540781,1534380,64139,52.21,#N/B,#N/B
ZWE,Zimbabwe,2013,7.22,7.09,144513,122430,83.93,87.16,85.51,1344824,1318362,73148,55.67,0.091,98.23
BEN,Benin,2013,7.45,6.82,#N/B,#N/B,54.31,52.33,53.39,1091706,972325,47201,21.87,3.607,63.16
DZA,Algeria,2014,5.73,5.44,#N/B,#N/B,93.01,94.64,93.8,#N/B,#N/B,159115,65.11,#N/B,#N/B
AGO,Angola,2014,#N/B,#N/B,#N/B,#N/B,#N/B,#N/B,#N/B,#N/B,#N/B,#N/B,#N/B,#N/B,#N/B
BWA,Botswana,2014,7.46,6.91,20817,18800,#N/B,#N/B,#N/B,178134,159036,15200,74.58,#N/B,#N/B
BFA,Burkina Faso,2014,5.37,5.2,502669,533036,62.23,70.7,66.24,1337654,1256370,58294,41.66,6.018,40
CPV,Cabo Verde,2014,6.66,6.47,2029,1111,88.45,89.51,88.98,35006,32017,2965,67.79,0.706,84.7
CMR,Cameroon,2014,7.4,6.52,#N/B,#N/B,64.6,67.07,65.75,2205674,1937101,93738,52.7,#N/B,#N/B
BDI,Burundi,2014,7.57,7.8,90100,60386,40.86,48.31,44.56,1009570,1037224,46887,52.43,#N/B,#N/B
CAF,Central African Republic,2014,#N/B,#N/B,#N/B,#N/B,#N/B,#N/B,#N/B,#N/B,#N/B,#N/B,#N/B,#N/B,#N/B
TCD,Chad,2014,6.64,5.13,#N/B,#N/B,#N/B,#N/B,#N/B,1395001,1047659,43490,#N/B,#N/B,#N/B
COM,Comoros,2014,7.03,6.62,2885,3772,#N/B,#N/B,#N/B,63348,57033,4155,41.88,#N/B,#N/B
COG,"Congo, Rep.",2014,6.33,6.22,#N/B,#N/B,#N/B,#N/B,#N/B,399125,387849,#N/B,#N/B,#N/B,#N/B
COD,"Congo, Dem. Rep.",2014,6.57,5.89,#N/B,#N/B,34.41,60.51,45.26,7135067,6399558,383207,28.34,#N/B,#N/B
CIV,Cote d'Ivoire,2014,5.33,4.92,537463,583842,84.77,80.46,82.74,1703874,1473000,74703,25.66,4.013,59.39
DJI,Djibouti,2014,2.94,2.55,#N/B,#N/B,#N/B,#N/B,#N/B,34760,29559,1935,25.37,0.726,#N/B
EGY,"Egypt, Arab Rep.",2014,5.45,5.35,822973,831430,#N/B,#N/B,#N/B,5739769,5388261,#N/B,#N/B,#N/B,#N/B
GNQ,Equatorial Guinea,2014,#N/B,#N/B,#N/B,#N/B,#N/B,#N/B,#N/B,#N/B,#N/B,#N/B,#N/B,#N/B,#N/B
ERI,Eritrea,2014,4.67,3.86,63128,80578,71.98,74.41,73.08,198620,162984,8515,36.74,#N/B,#N/B
ETH,Ethiopia,2014,5.87,5.43,1448757,1784252,48.17,48.6,48.37,8280491,7452785,244788.7333,41.95,#N/B,#N/B
SWZ,Eswatini,2014,9.22,8.37,11302,12583,75.94,82.49,79.08,126091,114346,8577,69.86,4.899,50.49
GAB,Gabon,2014,#N/B,#N/B,#N/B,#N/B,#N/B,#N/B,#N/B,#N/B,#N/B,#N/B,#N/B,#N/B,#N/B
GMB,"Gambia, The",2014,4.78,5.04,64979,54553,81.01,86.28,83.7,134846,140057,6152,33.89,#N/B,#N/B
GHA,Ghana,2014,#N/B,#N/B,#N/B,#N/B,#N/B,#N/B,#N/B,2072654,2015421,136578,38.28,#N/B,#N/B
GNB,Guinea-Bissau,2014,#N/B,#N/B,#N/B,#N/B,#N/B,#N/B,#N/B,#N/B,#N/B,#N/B,#N/B,#N/B,#N/B
GIN,Guinea,2014,6.14,5.25,118306,216862,59.42,52.59,56.32,942705,786925,37938,30.01,0.004,72.44
KEN,Kenya,2014,6.29,6.09,#N/B,#N/B,#N/B,#N/B,93,4006260,3851278,260197,48.36,5.898,77.92
LSO,Lesotho,2014,7.9,7.61,29463,24633,57.02,73.5,64.86,186606,179442,11167,75.67,#N/B,#N/B
LBY,Libya,2014,#N/B,#N/B,#N/B,#N/B,#N/B,#N/B,#N/B,#N/B,#N/B,#N/B,#N/B,#N/B,#N/B
LBR,Liberia,2014,8.1,7.39,333134,329529,47.61,40.38,44.02,363008,320969,25812,13.97,#N/B,#N/B
MWI,Malawi,2014,8.79,8.75,#N/B,#N/B,#N/B,#N/B,#N/B,2035402,2061272,56336,41.78,1.028,#N/B
MDG,Madagascar,2014,6.98,7,#N/B,#N/B,34.47,38,36.23,2320693,2290029,110528,55.72,#N/B,#N/B
MLI,Mali,2014,4.54,4,570500,669446,#N/B,#N/B,#N/B,1172183,1009434,51363,28.59,3.953,75.59
MRT,Mauritania,2014,5.89,5.91,88434,88391,#N/B,#N/B,#N/B,292397,299852,17227,35.93,#N/B,#N/B
MUS,Mauritius,2014,5.76,5.84,3464,2506,96.45,95.57,96.03,53240,52207,5629,74.63,#N/B,#N/B
MOZ,Mozambique,2014,8.64,7.83,32876,160821,34.25,32.16,33.23,2982000,2723343,104051,42.03,#N/B,#N/B
MAR,Morocco,2014,6.57,6.32,149698,144082,90.67,86.95,88.84,2111789,1918353,157019,55.07,#N/B,#N/B
NAM,Namibia,2014,#N/B,#N/B,#N/B,#N/B,#N/B,#N/B,#N/B,#N/B,#N/B,#N/B,#N/B,0.023,94.99
NGA,Nigeria,2014,5.23,5.08,#N/B,#N/B,#N/B,#N/B,#N/B,13255789,12545408,#N/B,#N/B,#N/B,#N/B
NER,Niger,2014,4.48,3.79,591486,731438,67.46,65.57,66.6,1251460,1025561,63688,48.04,5.84,#N/B
RWA,Rwanda,2014,8.55,8.64,#N/B,#N/B,40.95,48.39,44.72,1181715,1217724,41193,53.26,#N/B,#N/B
STP,Sao Tome and Principe,2014,6.76,6.34,1231,1549,#N/B,#N/B,#N/B,17730,16763,1054,56.55,#N/B,#N/B
SEN,Senegal,2014,4.9,5.52,314336,232067,55.99,60.27,58.18,919419.1875,1007317,59780,32.43,0.86,78.01
SYC,Seychelles,2014,7.22,7.03,#N/B,#N/B,#N/B,#N/B,#N/B,4471,4341,662,87.46,#N/B,#N/B
SOM,Somalia,2014,#N/B,#N/B,#N/B,#N/B,#N/B,#N/B,#N/B,#N/B,#N/B,#N/B,#N/B,#N/B,#N/B
SLE,Sierra Leone,2014,#N/B,#N/B,#N/B,#N/B,#N/B,#N/B,#N/B,#N/B,#N/B,#N/B,#N/B,#N/B,#N/B
ZAF,South Africa,2014,7.39,7.19,#N/B,#N/B,#N/B,#N/B,#N/B,3701143,3494040,219579,78.56,1.701,73.85
SDN,Sudan,2014,4.33,3.9,1651212,1472979,79,73.59,76.39,2309755,2078218,#N/B,#N/B,#N/B,#N/B
SSD,South Sudan,2014,#N/B,#N/B,#N/B,#N/B,#N/B,#N/B,#N/B,#N/B,#N/B,#N/B,#N/B,#N/B,45.36
TZA,Tanzania,2014,5.9,6.15,770904,599355,77.31,79.28,78.33,4047582,4175085,190957,51.46,#N/B,#N/B
TGO,Togo,2014,7.71,7.36,37962,66754,#N/B,#N/B,#N/B,729187,684021,34354,16.03,0.262,85.15
TUN,Tunisia,2014,6.43,6.39,#N/B,#N/B,92.73,93.7,93.21,564810,524410,65835,59.31,#N/B,#N/B
UGA,Uganda,2014,8.13,8.13,242891,184940,29.92,30.8,30.36,4377412,4395243,191217,41.81,2.089,62.74
ZMB,Zambia,2014,7.56,7.43,#N/B,#N/B,#N/B,#N/B,#N/B,1613748,1604124,78395,53.94,#N/B,#N/B
ZWE,Zimbabwe,2014,7.04,6.91,150481,130509,79.38,84.09,81.69,1344127,1314563,74129,56.75,0.17,98.51
BEN,Benin,2014,7.41,6.85,#N/B,#N/B,58.65,55.74,57.26,1123301,1010029,46454,22.51,1.101,65.63
DZA,Algeria,2015,5.66,5.38,#N/B,#N/B,93.16,94.06,93.6,#N/B,#N/B,164684,69.3,#N/B,#N/B
AGO,Angola,2015,7.67,6.79,#N/B,#N/B,#N/B,#N/B,#N/B,2986710,2634205,112352,49.1,#N/B,#N/B
BWA,Botswana,2015,7.29,7.08,23192,20546,#N/B,#N/B,#N/B,176249,168369,14533,74.3,#N/B,#N/B
BFA,Burkina Faso,2015,5.4,5.23,502149,530932,64.19,73.92,68.81,1395418,1311385,64177,44.62,1.79,45.13
CPV,Cabo Verde,2015,6.55,6.4,1984,984,89.19,91.01,90.06,34145,31435,2988,69.24,0.81,76.15
CMR,Cameroon,2015,7.53,6.69,#N/B,#N/B,56.75,57.4,57.06,2318019,2051969,104748,54.29,#N/B,#N/B
BDI,Burundi,2015,7.21,7.4,113109,84761,41.01,47.67,44.33,1024154,1048254,47949,51.57,#N/B,#N/B
CAF,Central African Republic,2015,#N/B,#N/B,#N/B,#N/B,#N/B,#N/B,#N/B,#N/B,#N/B,#N/B,#N/B,#N/B,#N/B
TCD,Chad,2015,6.02,4.7,200597,414537,30.48,26.12,28.56,1287413,982691,40872,18.06,#N/B,#N/B
COM,Comoros,2015,#N/B,#N/B,#N/B,#N/B,#N/B,#N/B,#N/B,#N/B,#N/B,#N/B,#N/B,#N/B,#N/B
COG,"Congo, Rep.",2015,6.52,6.57,#N/B,#N/B,#N/B,#N/B,#N/B,421574,420576,17759,#N/B,#N/B,#N/B
COD,"Congo, Dem. Rep.",2015,6.19,6.05,#N/B,#N/B,#N/B,#N/B,#N/B,6955322,6807874,414580,29.21,#N/B,#N/B
CIV,Cote d'Ivoire,2015,5.31,4.93,519269,580951,82.89,80.9,82,1796107,1574451,80155,27.76,4.27,62.53
DJI,Djibouti,2015,2.86,2.53,#N/B,#N/B,#N/B,#N/B,#N/B,33723,29217,1906,25.6,#N/B,#N/B
EGY,"Egypt, Arab Rep.",2015,#N/B,#N/B,#N/B,#N/B,#N/B,#N/B,#N/B,#N/B,#N/B,#N/B,#N/B,#N/B,#N/B
GNQ,Equatorial Guinea,2015,3.01,3,65892,62954,#N/B,#N/B,#N/B,47541,45855,4021,44.39,#N/B,#N/B
ERI,Eritrea,2015,4.59,3.83,67271,83342,#N/B,#N/B,#N/B,197898,163786,8346,35.97,#N/B,#N/B
ETH,Ethiopia,2015,5.98,5.42,1553456,1927172,#N/B,#N/B,#N/B,8567433,7630614,396302,38.83,#N/B,#N/B
SWZ,Eswatini,2015,9.27,8.4,10626,12328,76.36,84.66,80.32,126644,114760,8752,69.64,#N/B,#N/B
GAB,Gabon,2015,#N/B,#N/B,#N/B,#N/B,#N/B,#N/B,#N/B,#N/B,#N/B,#N/B,#N/B,#N/B,#N/B
GMB,"Gambia, The",2015,4.94,5.27,62439,50837,76.38,84.58,80.57,143183,150320,7902,33.08,#N/B,#N/B
GHA,Ghana,2015,#N/B,#N/B,#N/B,#N/B,#N/B,#N/B,#N/B,2216184,2126131,138928,38.9,#N/B,#N/B
GNB,Guinea-Bissau,2015,#N/B,#N/B,#N/B,#N/B,#N/B,#N/B,#N/B,#N/B,#N/B,#N/B,#N/B,#N/B,#N/B
GIN,Guinea,2015,5.84,4.79,181780,302605,59,54.11,56.76,914834,734209,35940,29.98,0.004,72.44
KEN,Kenya,2015,6.32,6.26,#N/B,#N/B,#N/B,#N/B,#N/B,4118838,4049872,266511,50.24,8.282,74.15
LSO,Lesotho,2015,7.72,7.39,30740,26521,58.1,71.46,64.46,184732,176905,10930,75.56,#N/B,#N/B
LBY,Libya,2015,#N/B,#N/B,#N/B,#N/B,#N/B,#N/B,#N/B,#N/B,#N/B,#N/B,#N/B,#N/B,#N/B
LBR,Liberia,2015,8.08,7.29,#N/B,#N/B,#N/B,#N/B,#N/B,366382,318022,22479,13.14,#N/B,#N/B
MWI,Malawi,2015,8.69,8.64,#N/B,#N/B,#N/B,#N/B,#N/B,2085016,2111939,60488,41.98,0.51,#N/B
MDG,Madagascar,2015,7.07,7.1,#N/B,#N/B,27.34,29.74,28.53,2396107,2367417,115640,55.51,#N/B,#N/B
MLI,Mali,2015,4.47,4.02,636028,735566,#N/B,#N/B,#N/B,1190641,1036441,52148,30.02,2.876,74.55
MRT,Mauritania,2015,6.03,6.07,#N/B,#N/B,#N/B,#N/B,#N/B,313315,319446,17669,37.82,#N/B,#N/B
MUS,Mauritius,2015,5.75,5.82,3180,2340,95.83,97.13,96.46,51357,50276,5400,75.72,#N/B,#N/B
MOZ,Mozambique,2015,8.68,7.86,#N/B,#N/B,#N/B,#N/B,#N/B,3087976,2814020,107976,43.1,#N/B,#N/B
MAR,Morocco,2015,6.58,6.26,#N/B,#N/B,92.09,93.2,92.63,2124618,1914774,156072,55.34,#N/B,#N/B
NAM,Namibia,2015,8.96,8.58,#N/B,#N/B,#N/B,#N/B,#N/B,227584,218954,16803,#N/B,#N/B,#N/B
NGA,Nigeria,2015,5.02,4.65,#N/B,#N/B,#N/B,#N/B,#N/B,13393310,12049225,523429,48.25,#N/B,#N/B
NER,Niger,2015,4.62,3.91,580893,733801,#N/B,#N/B,#N/B,1344201,1100778,66750,49.68,5.467,77.41
RWA,Rwanda,2015,8.2,8.26,#N/B,#N/B,54.82,61.17,58.08,1213966,1236739,42005,53.51,0,56.18
STP,Sao Tome and Principe,2015,6.82,6.41,1234,1788,#N/B,#N/B,#N/B,18304,17254,917,55.51,#N/B,#N/B
SEN,Senegal,2015,4.84,5.47,331292,233651,#N/B,#N/B,#N/B,944147,1033241,61620,32.36,3.634,74.63
SYC,Seychelles,2015,7.44,7.08,#N/B,#N/B,96.32,97.35,96.82,4521,4453,654,88.38,#N/B,#N/B
SOM,Somalia,2015,#N/B,#N/B,#N/B,#N/B,#N/B,#N/B,#N/B,#N/B,#N/B,#N/B,#N/B,#N/B,#N/B
SLE,Sierra Leone,2015,7.18,7.38,#N/B,#N/B,31.12,32.14,31.63,674958,685285,40303,27.79,#N/B,#N/B
ZAF,South Africa,2015,7.61,7.16,#N/B,#N/B,70.62,90.25,79.7,3942443,3613399,249103,78.81,1.281,74
SDN,Sudan,2015,4.38,3.91,1660908,1497243,80.54,87.65,83.87,2390986,2127431,#N/B,#N/B,#N/B,#N/B
SSD,South Sudan,2015,5.75,3.99,540931,613714,#N/B,#N/B,#N/B,753113,520739,#N/B,#N/B,#N/B,#N/B
TZA,Tanzania,2015,5.99,5.75,917800,729860,106.76,110.54,108.68,4232124,4026741,197420,52.04,#N/B,#N/B
TGO,Togo,2015,7.8,7.53,32092,60248,#N/B,#N/B,#N/B,769599,728713,33891,15.83,0.217,85.19
TUN,Tunisia,2015,6.44,6.4,#N/B,#N/B,#N/B,#N/B,#N/B,577971,536912,70577,60.01,#N/B,#N/B
UGA,Uganda,2015,7.36,7.38,#N/B,#N/B,#N/B,#N/B,#N/B,4122663,4141654,192566,42.27,#N/B,#N/B
ZMB,Zambia,2015,7.3,7.18,#N/B,#N/B,#N/B,#N/B,#N/B,1614268,1601455,75236,54.45,#N/B,88.9
ZWE,Zimbabwe,2015,6.99,6.85,271036,241640,81.42,86.8,84.06,1344723,1313692,75072,57.98,#N/B,#N/B
BEN,Benin,2015,7.53,7,#N/B,#N/B,48.53,46.34,47.49,1175115,1063070,49688,23.92,2.103,61.42
DZA,Algeria,2016,5.66,5.36,#N/B,#N/B,93.78,95.98,94.85,#N/B,#N/B,169931,72.02,#N/B,28.77
AGO,Angola,2016,6.78,6.2,#N/B,#N/B,#N/B,#N/B,#N/B,2753390,2505701,95827,47.18,#N/B,#N/B
BWA,Botswana,2016,#N/B,#N/B,#N/B,#N/B,#N/B,#N/B,#N/B,#N/B,#N/B,#N/B,#N/B,#N/B,#N/B
BFA,Burkina Faso,2016,5.44,5.3,433522,461561,60.81,70.99,65.64,1477806,1395243,69148,45.8,0,62.07
CPV,Cabo Verde,2016,6.47,6.31,1979,1181,#N/B,#N/B,#N/B,33508,30818,2995,70.98,0.834,78.25
CMR,Cameroon,2016,7.61,6.76,#N/B,#N/B,41.17,41.26,41.21,2374818,2106417,104860,54.51,#N/B,#N/B
BDI,Burundi,2016,6.97,7.09,133775,103920,40.45,46.01,43.23,1046668,1063761,42497,54.13,#N/B,#N/B
CAF,Central African Republic,2016,6.5,5.11,#N/B,#N/B,#N/B,#N/B,#N/B,458857,354910,9756,19.09,#N/B,#N/B
TCD,Chad,2016,5.69,4.46,305263,502093,23.2,18.61,21.11,1253531,959692,38905,17.96,#N/B,#N/B
COM,Comoros,2016,6.14,6.02,#N/B,#N/B,#N/B,#N/B,#N/B,58615,54458,3614,30.82,#N/B,#N/B
COG,"Congo, Rep.",2016,#N/B,#N/B,#N/B,#N/B,#N/B,#N/B,#N/B,#N/B,#N/B,#N/B,#N/B,#N/B,#N/B
COD,"Congo, Dem. Rep.",2016,#N/B,#N/B,#N/B,#N/B,#N/B,#N/B,#N/B,#N/B,#N/B,#N/B,#N/B,#N/B,#N/B
CIV,Cote d'Ivoire,2016,5.51,5.18,380928,448390,91.43,97.23,73.26,1912203,1705016,85109,28.02,3.301,56.23
DJI,Djibouti,2016,2.83,2.5,#N/B,#N/B,#N/B,#N/B,#N/B,33095,28660,1986,26.38,0.424,79.31
EGY,"Egypt, Arab Rep.",2016,5.5,5.42,692695,681406,95.84,97.04,96.42,6056678,5707483,509764,59.87,#N/B,#N/B
GNQ,Equatorial Guinea,2016,2.97,3,#N/B,#N/B,#N/B,#N/B,#N/B,51771,51041,4378,45.89,#N/B,#N/B
ERI,Eritrea,2016,4.34,3.67,#N/B,#N/B,#N/B,#N/B,68.46,192977,160882,8524,38.42,#N/B,#N/B
ETH,Ethiopia,2016,5.97,5.48,#N/B,#N/B,48.91,49.15,49.02,8837316,7858127,#N/B,#N/B,#N/B,#N/B
SWZ,Eswatini,2016,9.2,8.36,8930,11397,82.34,86.42,84.37,125117,113911,8764,69.04,#N/B,#N/B
GAB,Gabon,2016,#N/B,#N/B,#N/B,#N/B,#N/B,#N/B,#N/B,#N/B,#N/B,#N/B,#N/B,#N/B,#N/B
GMB,"Gambia, The",2016,5.05,5.42,56853,43725,83.67,93.91,88.87,150093,158636,11654,38.08,#N/B,#N/B
GHA,Ghana,2016,#N/B,#N/B,#N/B,#N/B,86.73,83.21,84.98,2210179,2147997,142520,39.71,#N/B,#N/B
GNB,Guinea-Bissau,2016,#N/B,#N/B,#N/B,#N/B,#N/B,#N/B,#N/B,#N/B,#N/B,#N/B,#N/B,#N/B,#N/B
GIN,Guinea,2016,6.12,5.04,130613,261355,47.93,42.08,45.18,982902,793658,37680,30.59,0.004,72.44
KEN,Kenya,2016,6.13,5.95,#N/B,#N/B,#N/B,#N/B,#N/B,4086996,3931685,#N/B,#N/B,#N/B,#N/B
LSO,Lesotho,2016,7.62,7.31,30119,25770,#N/B,#N/B,#N/B,184317,176439,10687,75.03,#N/B,#N/B
LBY,Libya,2016,#N/B,#N/B,#N/B,#N/B,#N/B,#N/B,#N/B,#N/B,#N/B,#N/B,#N/B,#N/B,#N/B
LBR,Liberia,2016,5.55,5.41,79221,80020,48.41,44.44,46.46,334536,320513,30434,20.57,#N/B,#N/B
MWI,Malawi,2016,8.56,8.57,#N/B,#N/B,#N/B,#N/B,#N/B,2121015,2159512,#N/B,#N/B,0.061,#N/B
MDG,Madagascar,2016,6.89,6.92,87367,13400,34.3,36.43,35.37,2380027,2353699,116635.6,55.27,#N/B,#N/B
MLI,Mali,2016,4.58,4.02,632503,748827,#N/B,#N/B,#N/B,1270066,1086354,60288,30.44,2.472,68.81
MRT,Mauritania,2016,5.46,5.61,114237,107666,63.29,66.42,64.89,295883,305481,16536,37.63,#N/B,#N/B
MUS,Mauritius,2016,5.72,5.77,3011,2024,94.55,95.55,95.04,49153,48147,5468,76.46,#N/B,#N/B
MOZ,Mozambique,2016,8.57,7.85,65664,171609,#N/B,#N/B,#N/B,3144659,2898277,112730,44,#N/B,#N/B
MAR,Morocco,2016,6.58,6.25,160096,159958,94.73,95.4,95.05,2154572,1947171,154252,56.45,#N/B,#N/B
NAM,Namibia,2016,8.94,8.59,#N/B,#N/B,#N/B,#N/B,#N/B,232427,224240,17456,#N/B,0.006,#N/B
NGA,Nigeria,2016,5,4.66,#N/B,#N/B,#N/B,#N/B,#N/B,13435940,12155241,453248,47.4,#N/B,#N/B
NER,Niger,2016,4.72,4.01,582963,741060,#N/B,#N/B,#N/B,1430501,1180851,72021,51.01,2.403,88.35
RWA,Rwanda,2016,8.78,8.66,13731,8668,50.95,63.04,57.06,1271170,1275093,43558,53.69,0,49.75
STP,Sao Tome and Principe,2016,6.72,6.32,#N/B,#N/B,#N/B,#N/B,92.69,18768,17626,1132,55.3,#N/B,#N/B
SEN,Senegal,2016,4.75,5.33,#N/B,#N/B,#N/B,#N/B,#N/B,968174,1046056,#N/B,#N/B,0.268,#N/B
SYC,Seychelles,2016,7.54,7.74,#N/B,#N/B,#N/B,#N/B,#N/B,4538,4469,644,88.51,#N/B,#N/B
SOM,Somalia,2016,#N/B,#N/B,#N/B,#N/B,#N/B,#N/B,#N/B,#N/B,#N/B,#N/B,#N/B,#N/B,#N/B
SLE,Sierra Leone,2016,7.3,7.49,#N/B,#N/B,46.97,47.07,47.03,702178,710346,37837,28.99,10.51,70.4
ZAF,South Africa,2016,7.41,7.22,#N/B,#N/B,#N/B,#N/B,#N/B,3882755,3687169,#N/B,#N/B,#N/B,#N/B
SDN,Sudan,2016,4.48,4.08,1656524,1448259,73.8,76.79,75.19,2495711,2266511,#N/B,#N/B,#N/B,#N/B
SSD,South Sudan,2016,#N/B,#N/B,#N/B,#N/B,#N/B,#N/B,#N/B,#N/B,#N/B,#N/B,#N/B,#N/B,96.74
TZA,Tanzania,2016,5.85,6.06,1134515,963728,90.95,95.7,93.31,4265470,4373102,206829,51.29,#N/B,#N/B
TGO,Togo,2016,7.56,7.29,52268,79933,#N/B,#N/B,#N/B,769599.5625,728714.9375,36194,16.17,0.22,85.47
TUN,Tunisia,2016,6.39,6.37,#N/B,#N/B,93.28,95.05,94.17,589991,549323,70399,62.16,#N/B,#N/B
UGA,Uganda,2016,7.48,7.6,483914,386249,35.27,35.73,35.5,4294473,4361451,202617,42.7,#N/B,#N/B
ZMB,Zambia,2016,6.97,6.97,#N/B,#N/B,#N/B,#N/B,#N/B,1595804,1607416,73949,54.34,#N/B,86.1
ZWE,Zimbabwe,2016,6.88,6.78,256185,235583,85.1,90.26,87.64,1344538,1317472,72408,58.63,#N/B,#N/B
BEN,Benin,2016,7.41,6.92,#N/B,#N/B,#N/B,#N/B,#N/B,1187161,1080674,54463,25.09,#N/B,#N/B
DZA,Algeria,2017,5.61,5.31,2428,14091,95.33,97.25,96.27,#N/B,#N/B,176809,76.1,#N/B,#N/B
AGO,Angola,2017,7.64,7.16,#N/B,#N/B,#N/B,#N/B,#N/B,3231577,3014717,103562,#N/B,#N/B,#N/B
BWA,Botswana,2017,7.29,7.12,19526,16531,#N/B,#N/B,#N/B,182171,175284,13969,73.99,#N/B,#N/B
BFA,Burkina Faso,2017,5.56,5.45,436909,459926,64.4,73.67,68.84,1558527,1482275,74747,46.58,#N/B,#N/B
CPV,Cabo Verde,2017,6.43,6.27,1933,1115,#N/B,#N/B,#N/B,33159,30423,3016,71.58,#N/B,#N/B
CMR,Cameroon,2017,7.18,6.38,23958,202776,37.72,38.36,38.02,2316914,2054467,97351,54.52,#N/B,#N/B
BDI,Burundi,2017,6.69,6.74,180752,153774,40.24,47.32,43.76,1058851,1067322,42854,53.11,#N/B,#N/B
CAF,Central African Republic,2017,8.18,6.28,#N/B,#N/B,#N/B,#N/B,#N/B,585048,443791,11334,19.01,#N/B,#N/B
TCD,Chad,2017,5.12,3.96,395533,598843,71.52,74.91,72.96,1175180,885766,39611,17.77,#N/B,#N/B
COM,Comoros,2017,6.52,6.4,5444,4701,#N/B,#N/B,#N/B,63148,58369,6429,20.31,#N/B,#N/B
COG,"Congo, Rep.",2017,#N/B,#N/B,#N/B,#N/B,#N/B,#N/B,#N/B,#N/B,#N/B,#N/B,#N/B,#N/B,#N/B
COD,"Congo, Dem. Rep.",2017,#N/B,#N/B,#N/B,#N/B,#N/B,#N/B,#N/B,#N/B,#N/B,#N/B,#N/B,#N/B,#N/B
CIV,Cote d'Ivoire,2017,5.5,5.24,411839,460559,82.48,86.85,84.6,1979050,1793086,88910,29.77,3.386,71.51
DJI,Djibouti,2017,2.84,2.53,#N/B,#N/B,#N/B,#N/B,#N/B,33078,28768,2033,27,#N/B,#N/B
EGY,"Egypt, Arab Rep.",2017,5.53,5.47,643948,619714,#N/B,#N/B,97.02,6254484,5906892,511478,60.51,#N/B,#N/B
GNQ,Equatorial Guinea,2017,3.1,3.05,#N/B,#N/B,#N/B,#N/B,#N/B,56327,54357,4491,46.18,#N/B,#N/B
ERI,Eritrea,2017,4.33,3.61,80226,94112,80.15,79.78,79.98,190231,156778,8842,38.66,#N/B,#N/B
ETH,Ethiopia,2017,6.39,5.84,5650055,5701015,#N/B,#N/B,#N/B,9503069,8423709,#N/B,39.83,#N/B,#N/B
SWZ,Eswatini,2017,9.2,8.34,9962,11547,#N/B,#N/B,85.37,124335,113116,8928,68.34,#N/B,#N/B
GAB,Gabon,2017,#N/B,#N/B,#N/B,#N/B,#N/B,#N/B,#N/B,#N/B,#N/B,#N/B,#N/B,#N/B,#N/B
GMB,"Gambia, The",2017,5.22,5.65,54212,40077,74.83,83.69,79.37,159763,170065,8528,35.64,#N/B,#N/B
GHA,Ghana,2017,#N/B,#N/B,141786,157392,80.83,82.38,81.59,2230208,2162853,160939,40.88,#N/B,#N/B
GNB,Guinea-Bissau,2017,#N/B,#N/B,#N/B,#N/B,#N/B,#N/B,#N/B,#N/B,#N/B,#N/B,#N/B,#N/B,#N/B
GIN,Guinea,2017,6.39,5.38,#N/B,#N/B,59.3,58.4,58.87,1057413,872468,39914,31.45,0.004,72.44
KEN,Kenya,2017,#N/B,#N/B,#N/B,#N/B,#N/B,#N/B,#N/B,#N/B,#N/B,#N/B,#N/B,#N/B,#N/B
LSO,Lesotho,2017,7.69,7.35,27481,24148,51.77,56.31,54.07,188097,179834,11167,74.81,#N/B,#N/B
LBY,Libya,2017,#N/B,#N/B,#N/B,#N/B,#N/B,#N/B,#N/B,#N/B,#N/B,#N/B,#N/B,#N/B,#N/B
LBR,Liberia,2017,5.28,5.14,105696,105378,#N/B,#N/B,#N/B,324997,310481,28468,18.46,#N/B,#N/B
MWI,Malawi,2017,8.6,8.65,#N/B,#N/B,#N/B,#N/B,#N/B,2193130,2240847,#N/B,#N/B,#N/B,#N/B
MDG,Madagascar,2017,7.12,7.17,#N/B,#N/B,42.56,44.52,43.56,2514792,2489687,120351,54.9,#N/B,#N/B
MLI,Mali,2017,4.68,4.15,577105,688075,#N/B,#N/B,#N/B,1360123,1178379,66418,31.12,3.074,75.33
MRT,Mauritania,2017,5.38,5.6,106172,96370,#N/B,#N/B,#N/B,302740,313907,16964,36.37,#N/B,#N/B
MUS,Mauritius,2017,5.72,5.76,2561,1964,95.08,97.37,96.22,46971,46018,5184,77.37,#N/B,#N/B
MOZ,Mozambique,2017,8.42,7.73,134756,222286,40.51,37.27,38.92,3188449,2950069,117065,45.33,#N/B,#N/B
MAR,Morocco,2017,6.64,6.31,140503,143928,92.35,93.66,92.99,2211139,1999537,150198,57.58,#N/B,#N/B
NAM,Namibia,2017,9.15,8.78,#N/B,#N/B,81.29,86.96,84.14,243550,234703,18070,#N/B,0.003,#N/B
NGA,Nigeria,2017,4.57,4.26,#N/B,#N/B,#N/B,#N/B,#N/B,12886327,11657395,480112,48.46,#N/B,#N/B
NER,Niger,2017,4.79,4.15,550370,708747,#N/B,#N/B,#N/B,1506935,1261370,76185,53.23,4.646,87.82
RWA,Rwanda,2017,8.87,8.68,10775,10377,50.83,59.75,55.25,1272842,1267532,43906,53.6,#N/B,#N/B
STP,Sao Tome and Principe,2017,6.89,6.52,342,627,#N/B,#N/B,#N/B,19079,18093,1193,54.9,#N/B,#N/B
SEN,Senegal,2017,4.74,5.41,#N/B,#N/B,#N/B,#N/B,#N/B,997346,1090308,#N/B,#N/B,0.407,72.61
SYC,Seychelles,2017,7.94,8.39,#N/B,#N/B,96.71,95.83,96.29,4515,4522,644,88.82,#N/B,#N/B
SOM,Somalia,2017,#N/B,#N/B,#N/B,#N/B,#N/B,#N/B,#N/B,#N/B,#N/B,#N/B,#N/B,#N/B,#N/B
SLE,Sierra Leone,2017,7.5,7.75,#N/B,#N/B,38.02,38.98,38.5,736275,750664,37703,26.94,11.033,73.98
ZAF,South Africa,2017,7.28,7.05,333450,131910,87.32,92.21,89.7,3893193,3688961,#N/B,#N/B,1.62,72.84
SDN,Sudan,2017,4.45,4.14,1507762,1519882,85.68,83.43,84.6,2558322,2341342,#N/B,#N/B,#N/B,#N/B
SSD,South Sudan,2017,#N/B,#N/B,#N/B,#N/B,#N/B,#N/B,#N/B,#N/B,#N/B,#N/B,#N/B,#N/B,#N/B
TZA,Tanzania,2017,6.26,6.38,1207013,1017305,67.29,75.78,71.44,4628116,4687540,197563,51.21,#N/B,#N/B
TGO,Togo,2017,7.44,7.2,56982,84309,#N/B,#N/B,#N/B,782033,742158,37985,16.4,#N/B,#N/B
TUN,Tunisia,2017,6.39,6.34,#N/B,#N/B,#N/B,#N/B,#N/B,607581,562889,70630,62.62,#N/B,#N/B
UGA,Uganda,2017,7.4,7.49,502688,413334,#N/B,#N/B,#N/B,4395513,4445076,207238,43.07,#N/B,#N/B
ZMB,Zambia,2017,7.13,7.11,263055,229960,#N/B,#N/B,#N/B,1634219,1650622,78099,50.46,7.228,91.41
ZWE,Zimbabwe,2017,6.78,6.73,292014,258302,87.05,92.86,89.9,1346591,1329894,71242,59.09,#N/B,#N/B
BEN,Benin,2017,7.2,6.71,42055,95714,#N/B,#N/B,#N/B,1179533,1072022,51677,25.25,#N/B,#N/B
DZA,Algeria,2018,5.54,5.27,11590,18608,91.24,91.89,91.56,#N/B,#N/B,182153,80.54,#N/B,#N/B
AGO,Angola,2018,5.51,5.2,#N/B,#N/B,#N/B,#N/B,#N/B,2424068,2273393,88563,#N/B,#N/B,#N/B
BWA,Botswana,2018,#N/B,#N/B,#N/B,#N/B,#N/B,#N/B,#N/B,#N/B,#N/B,#N/B,#N/B,#N/B,#N/B
BFA,Burkina Faso,2018,5.69,5.58,416556,440020,50.45,62.06,55.92,1644222,1561838,80713,47.09,#N/B,#N/B
CPV,Cabo Verde,2018,6.52,6.36,1487,716,#N/B,#N/B,#N/B,33472,30655,3043,71.11,#N/B,#N/B
CMR,Cameroon,2018,6.65,5.93,#N/B,#N/B,63.67,64.24,63.94,2226457,1975531,92277,52.98,#N/B,#N/B
BDI,Burundi,2018,6.48,6.52,216441,192185,38.55,47.57,42.99,1082862,1088022,51051,50.4,#N/B,#N/B
CAF,Central African Republic,2018,#N/B,#N/B,#N/B,#N/B,#N/B,#N/B,#N/B,#N/B,#N/B,#N/B,#N/B,#N/B,#N/B
TCD,Chad,2018,5.76,4.58,331685,534218,#N/B,#N/B,#N/B,1363999,1055676,43805,18.63,#N/B,#N/B
COM,Comoros,2018,6.47,6.6,7510,6346,#N/B,#N/B,#N/B,63265,60975,4428,29.49,#N/B,#N/B
COG,"Congo, Rep.",2018,5.44,5.27,92494,97788,#N/B,#N/B,#N/B,400276,383172,27845,37.72,#N/B,#N/B
COD,"Congo, Dem. Rep.",2018,6.98,6.44,#N/B,#N/B,#N/B,#N/B,#N/B,8735117,8071897,544039,28.61,#N/B,#N/B
CIV,Cote d'Ivoire,2018,5.45,5.25,351630,403369,69.45,74.05,71.66,2031834,1868388,93257,30.25,3.208,71.23
DJI,Djibouti,2018,2.93,2.56,#N/B,#N/B,#N/B,#N/B,#N/B,33918,29061,2144,28.68,#N/B,#N/B
EGY,"Egypt, Arab Rep.",2018,5.59,5.54,571956,533675,98.52,99.52,99.01,6498776,6144513,533935,61.38,#N/B,#N/B
GNQ,Equatorial Guinea,2018,3.06,3.01,#N/B,#N/B,#N/B,#N/B,#N/B,57641,55920,4631,46.4,#N/B,#N/B
ERI,Eritrea,2018,4.34,3.61,80211,94591,#N/B,#N/B,#N/B,191995,157758,9028,39.02,#N/B,#N/B
ETH,Ethiopia,2018,5.96,5.43,#N/B,#N/B,50.11,54.02,51.93,9035123,7962527,#N/B,#N/B,#N/B,#N/B
SWZ,Eswatini,2018,9.2,8.37,7693,10732,80.16,86.39,83.2,124022,113052,9006,69.69,#N/B,#N/B
GAB,Gabon,2018,#N/B,#N/B,#N/B,#N/B,#N/B,#N/B,#N/B,#N/B,#N/B,#N/B,#N/B,#N/B,#N/B
GMB,"Gambia, The",2018,5.4,5.9,52625,37924,74.88,99.33,86.74,168810,181513,9694,35.52,#N/B,#N/B
GHA,Ghana,2018,#N/B,#N/B,170449,193991,#N/B,#N/B,#N/B,2232295,2168899,161538,41.63,#N/B,#N/B
GNB,Guinea-Bissau,2018,#N/B,#N/B,#N/B,#N/B,#N/B,#N/B,#N/B,#N/B,#N/B,#N/B,#N/B,#N/B,#N/B
GIN,Guinea,2018,6.45,5.48,103995,227507,47.04,46.37,46.73,1090710,908148,40816,32.09,0.004,72.44
KEN,Kenya,2018,#N/B,#N/B,#N/B,#N/B,#N/B,#N/B,#N/B,#N/B,#N/B,#N/B,#N/B,#N/B,#N/B
LSO,Lesotho,2018,7.01,6.73,38124,33501,82.75,156.04,112.43,173970,166451,10235,74.87,2.277,93.37
LBY,Libya,2018,#N/B,#N/B,#N/B,#N/B,#N/B,#N/B,#N/B,#N/B,#N/B,#N/B,#N/B,#N/B,#N/B
LBR,Liberia,2018,#N/B,#N/B,#N/B,#N/B,#N/B,#N/B,#N/B,#N/B,#N/B,#N/B,#N/B,#N/B,#N/B
MWI,Malawi,2018,8.32,8.41,#N/B,#N/B,#N/B,#N/B,#N/B,2239909,2290932,75697,44.03,#N/B,#N/B
MDG,Madagascar,2018,6.76,6.83,85739,2301,46.36,48.11,47.25,2440444,2420444,122097,53.5,#N/B,#N/B
MLI,Mali,2018,4.4,3.93,747589,839008,#N/B,#N/B,#N/B,1323103,1153978,65485,31.69,4.904,63.6
MRT,Mauritania,2018,5.53,5.76,102680,96815,#N/B,#N/B,#N/B,323013,332248,19116,33.44,#N/B,#N/B
MUS,Mauritius,2018,5.72,5.79,1365,894,94.9,94.33,94.61,45072,44570,5534,78.95,#N/B,#N/B
MOZ,Mozambique,2018,8.69,8,57562,136850,42.8,40.76,41.81,3406166,3157210,118743,45.71,#N/B,#N/B
MAR,Morocco,2018,6.71,6.4,106244,98346,93.52,95.05,94.26,2264705,2057918,161288,57.17,#N/B,#N/B
NAM,Namibia,2018,9.14,8.79,#N/B,#N/B,#N/B,#N/B,#N/B,250496,242218,18335,68.5,#N/B,#N/B
NGA,Nigeria,2018,4.98,4.81,#N/B,#N/B,#N/B,#N/B,#N/B,14393652,13495735,913579,53.78,#N/B,#N/B
NER,Niger,2018,4.38,3.79,#N/B,#N/B,56.38,58.48,57.33,1415399,1183991,68975,52.69,#N/B,#N/B
RWA,Rwanda,2018,8.52,8.29,11472,13729,62.08,71.32,66.62,1259344,1244361,42073,54.86,5.429,62.45
STP,Sao Tome and Principe,2018,7.02,6.61,596,775,#N/B,#N/B,#N/B,19480,18332,1274,44.9,#N/B,#N/B
SEN,Senegal,2018,4.68,5.45,#N/B,#N/B,#N/B,#N/B,#N/B,1017027,1125200,#N/B,#N/B,0.703,71.74
SYC,Seychelles,2018,7.66,7.95,#N/B,#N/B,#N/B,#N/B,95.98,4616,4642,639,88.89,#N/B,#N/B
SOM,Somalia,2018,#N/B,#N/B,#N/B,#N/B,#N/B,#N/B,#N/B,#N/B,#N/B,#N/B,#N/B,#N/B,#N/B
SLE,Sierra Leone,2018,6.66,6.98,#N/B,#N/B,70.98,71.16,71.07,673196,696542,49768,29.64,15.663,45.52
ZAF,South Africa,2018,7.23,6.93,394221,307058,93.97,99.34,96.6,3897056,3671331,#N/B,#N/B,1.482,73.84
SDN,Sudan,2018,4.56,4.23,1312888,1440632,67.51,82.11,74.17,2684198,2433942,#N/B,#N/B,#N/B,#N/B
SSD,South Sudan,2018,#N/B,#N/B,#N/B,#N/B,#N/B,#N/B,#N/B,#N/B,#N/B,#N/B,#N/B,#N/B,#N/B
TZA,Tanzania,2018,6.65,6.72,977071,825676,63.39,73.79,68.46,5046571,5065100,199705,50.36,#N/B,#N/B
TGO,Togo,2018,7.31,7.15,53476,75913,#N/B,#N/B,#N/B,790577,758299,38582,16.56,#N/B,#N/B
TUN,Tunisia,2018,6.38,6.31,#N/B,#N/B,#N/B,#N/B,#N/B,624562,577174,71228,63.97,#N/B,#N/B
UGA,Uganda,2018,#N/B,#N/B,#N/B,#N/B,#N/B,#N/B,#N/B,#N/B,#N/B,#N/B,#N/B,#N/B,#N/B
ZMB,Zambia,2018,6.75,6.88,#N/B,#N/B,#N/B,#N/B,#N/B,1649488,1689757,78854,55.19,#N/B,#N/B
ZWE,Zimbabwe,2018,6.74,6.72,291146,254442,85.89,88.62,87.26,1369142,1356828,72512,59.55,#N/B,#N/B
BEN,Benin,2018,6.89,6.43,74178,124299,35.25,32.5,33.92,1163795,1060171,56738,25.81,#N/B,#N/B
DZA,Algeria,2019,5.47,5.21,7711,15015,#N/B,#N/B,#N/B,#N/B,#N/B,222838,81.73,#N/B,#N/B
AGO,Angola,2019,#N/B,#N/B,#N/B,#N/B,#N/B,#N/B,#N/B,#N/B,#N/B,#N/B,#N/B,#N/B,#N/B
BWA,Botswana,2019,#N/B,#N/B,#N/B,#N/B,#N/B,#N/B,#N/B,#N/B,#N/B,#N/B,#N/B,#N/B,#N/B
BFA,Burkina Faso,2019,5.53,5.49,458876,470349,48.48,61.14,54.45,1649329,1584455,82083,47.98,#N/B,#N/B
CPV,Cabo Verde,2019,6.37,6.26,1608,636,88.69,88.79,88.74,32586,30010,3093,71,#N/B,95.05
CMR,Cameroon,2019,6.8,6.07,55869,251398,#N/B,#N/B,#N/B,2332378,2067519,95641,55.79,#N/B,#N/B
BDI,Burundi,2019,6.25,6.29,244757,216027,45.73,53.71,49.7,1102925,1109607,51545,50.31,#N/B,#N/B
CAF,Central African Republic,2019,#N/B,#N/B,#N/B,#N/B,#N/B,#N/B,#N/B,#N/B,#N/B,#N/B,#N/B,#N/B,#N/B
TCD,Chad,2019,5.68,4.51,357109,563800,#N/B,#N/B,#N/B,1391643,1077141,44691,18.78,#N/B,#N/B
COM,Comoros,2019,#N/B,#N/B,#N/B,#N/B,#N/B,#N/B,#N/B,#N/B,#N/B,#N/B,#N/B,#N/B,#N/B
COG,"Congo, Rep.",2019,#N/B,#N/B,#N/B,#N/B,#N/B,#N/B,#N/B,#N/B,#N/B,#N/B,#N/B,#N/B,#N/B
COD,"Congo, Dem. Rep.",2019,#N/B,#N/B,#N/B,#N/B,#N/B,#N/B,#N/B,#N/B,#N/B,#N/B,#N/B,#N/B,#N/B
CIV,Cote d'Ivoire,2019,5.39,5.29,351707,381806,77.57,78.5,78.03,2071585,1932299,96255,31.6,0.383,90.37
DJI,Djibouti,2019,3.2,2.82,#N/B,#N/B,88.07,88.47,88.25,36851,31850,#N/B,#N/B,#N/B,#N/B
EGY,"Egypt, Arab Rep.",2019,5.67,5.65,449810,408913,99.33,99.97,99.64,6805757,6459279,530666,62.29,#N/B,#N/B
GNQ,Equatorial Guinea,2019,3.08,2.99,#N/B,#N/B,#N/B,#N/B,#N/B,60253,57751,5222,47.76,#N/B,#N/B
ERI,Eritrea,2019,4.28,3.58,83752,97540,#N/B,#N/B,#N/B,190502,156980,9375,39.82,#N/B,#N/B
ETH,Ethiopia,2019,5.69,5.19,#N/B,#N/B,#N/B,#N/B,#N/B,8691070,7667259,#N/B,#N/B,#N/B,#N/B
SWZ,Eswatini,2019,9.17,8.35,6789,9364,#N/B,#N/B,#N/B,123411,112591,9139,69.73,#N/B,#N/B
GAB,Gabon,2019,5.34,5.13,38917,38531,#N/B,#N/B,#N/B,138326,131351,10060,56.85,#N/B,#N/B
GMB,"Gambia, The",2019,5.54,6.14,49053,31015,80.8,89.41,85.26,179376,195302,10101,36.19,#N/B,#N/B
GHA,Ghana,2019,#N/B,#N/B,114502,136729,#N/B,#N/B,#N/B,2306181,2243694,168546,42.95,#N/B,#N/B
GNB,Guinea-Bissau,2019,#N/B,#N/B,#N/B,#N/B,#N/B,#N/B,#N/B,#N/B,#N/B,#N/B,#N/B,#N/B,#N/B
GIN,Guinea,2019,6.28,5.32,119288,244224,86.13,80.26,83.38,1088095,901179,42135,32.45,2.268,65.06
KEN,Kenya,2019,4.73,4.57,#N/B,#N/B,#N/B,#N/B,#N/B,3278659,3134769,#N/B,#N/B,#N/B,#N/B
LSO,Lesotho,2019,6.51,6.56,46973,35589,68.89,85.24,76.45,164319,165451,10193,75.22,#N/B,#N/B
LBY,Libya,2019,#N/B,#N/B,#N/B,#N/B,#N/B,#N/B,#N/B,#N/B,#N/B,#N/B,#N/B,#N/B,#N/B
LBR,Liberia,2019,#N/B,#N/B,#N/B,#N/B,#N/B,#N/B,#N/B,#N/B,#N/B,#N/B,#N/B,#N/B,#N/B
MWI,Malawi,2019,8.53,8.57,#N/B,#N/B,#N/B,#N/B,#N/B,2277131,2316197,83431,45.01,#N/B,#N/B
MDG,Madagascar,2019,6.34,6.47,212563,118455,29.66,31.22,30.45,2324032,2324568,126649,52.99,#N/B,#N/B
MLI,Mali,2019,#N/B,#N/B,#N/B,#N/B,#N/B,#N/B,#N/B,#N/B,#N/B,#N/B,#N/B,3.019,75.38
MRT,Mauritania,2019,5.52,5.81,122873,109071,#N/B,#N/B,#N/B,333164,344294,16630,35.44,#N/B,#N/B
MUS,Mauritius,2019,5.68,5.73,2153,1617,94.37,96.57,95.45,43133,42597,5639,80.17,#N/B,#N/B
MOZ,Mozambique,2019,8.87,8.2,#N/B,#N/B,43.47,42.66,43.07,3594602,3346262,121488,45.98,#N/B,#N/B
MAR,Morocco,2019,6.78,6.52,71553,55174,94.18,96.02,95.07,2315049,2117180,171812,59.2,#N/B,#N/B
NAM,Namibia,2019,9.1,8.73,#N/B,#N/B,#N/B,#N/B,#N/B,258616,250731,18566,#N/B,#N/B,#N/B
NGA,Nigeria,2019,4.83,4.81,#N/B,#N/B,#N/B,#N/B,#N/B,14267500,13810937,1001336,52.62,#N/B,#N/B
NER,Niger,2019,4.28,3.76,751752,874034,64.77,68.52,66.51,1442261,1224487,67285,53.65,#N/B,#N/B
RWA,Rwanda,2019,8.51,8.24,11421,16932,#N/B,#N/B,#N/B,1268996,1243469,43878,55.48,#N/B,#N/B
STP,Sao Tome and Principe,2019,7.12,6.66,8696,8798,#N/B,#N/B,#N/B,20036,18745,1231,55.65,#N/B,#N/B
SEN,Senegal,2019,4.6,5.43,408977,234716,65.01,73.48,69.4,1027420,1144547,64577,31.9,0.782,74.98
SYC,Seychelles,2019,7.39,7.61,#N/B,#N/B,#N/B,#N/B,95.51,4705,4678,636,85.06,#N/B,#N/B
SOM,Somalia,2019,#N/B,#N/B,#N/B,#N/B,#N/B,#N/B,#N/B,#N/B,#N/B,#N/B,#N/B,#N/B,#N/B
SLE,Sierra Leone,2019,8.51,8.84,#N/B,#N/B,52.6,54.46,53.54,874177,896191,47738,29.92,16.928,42.11
ZAF,South Africa,2019,7.27,6.97,356001,274819,95.84,95.28,95.57,3952118,3736263,#N/B,#N/B,1.402,74.32
SDN,Sudan,2019,4.55,4.32,1671741,1497615,#N/B,#N/B,#N/B,2699059,2535127,193338,69.33,#N/B,#N/B
SSD,South Sudan,2019,#N/B,#N/B,#N/B,#N/B,#N/B,#N/B,#N/B,#N/B,#N/B,#N/B,#N/B,#N/B,#N/B
TZA,Tanzania,2019,6.83,6.89,855929,701792,68.19,81.18,74.55,5300782,5304648,196437,49.68,#N/B,#N/B
TGO,Togo,2019,7.29,7.14,54365,56826,#N/B,#N/B,#N/B,808042,776334,40626,17.04,#N/B,#N/B
TUN,Tunisia,2019,#N/B,#N/B,#N/B,#N/B,#N/B,#N/B,#N/B,#N/B,#N/B,#N/B,#N/B,#N/B,#N/B
UGA,Uganda,2019,#N/B,#N/B,#N/B,#N/B,#N/B,#N/B,#N/B,#N/B,#N/B,#N/B,#N/B,#N/B,#N/B
ZMB,Zambia,2019,6.63,6.79,#N/B,#N/B,#N/B,#N/B,#N/B,1666537,1715550,80919,56.41,#N/B,#N/B
ZWE,Zimbabwe,2019,6.73,6.72,294566,254293,85.93,89.22,87.57,1399845,1389847,75183,60.6,#N/B,#N/B
BEN,Benin,2019,6.6,6.11,119945,174425,39.88,37.58,38.77,1145735,1035161,53341,26.53,#N/B,#N/B
DZA,Algeria,2020,5.55,5.35,#N/B,#N/B,90.1,87.8,88.97,#N/B,#N/B,200749,82.34,#N/B,#N/B
AGO,Angola,2020,#N/B,#N/B,#N/B,#N/B,#N/B,#N/B,#N/B,#N/B,#N/B,#N/B,#N/B,#N/B,#N/B
BWA,Botswana,2020,#N/B,#N/B,#N/B,#N/B,#N/B,#N/B,#N/B,#N/B,#N/B,#N/B,#N/B,#N/B,#N/B
BFA,Burkina Faso,2020,5.36,5.4,530909,522928,55.3,69.53,62.06,1641216,1599131,87304,47.85,#N/B,#N/B
CPV,Cabo Verde,2020,6.29,6.13,2110,1049,96.65,96.92,96.78,32087,29292,3110,71,#N/B,#N/B
CMR,Cameroon,2020,6.91,6.2,#N/B,#N/B,#N/B,#N/B,#N/B,2421610,2157098,99592,55.76,#N/B,#N/B
BDI,Burundi,2020,6.26,6.28,248926,218096,#N/B,#N/B,#N/B,1149938,1152342,51921,50.59,#N/B,#N/B
CAF,Central African Republic,2020,#N/B,#N/B,#N/B,#N/B,#N/B,#N/B,#N/B,#N/B,#N/B,#N/B,#N/B,#N/B,#N/B
TCD,Chad,2020,#N/B,#N/B,#N/B,#N/B,#N/B,#N/B,#N/B,#N/B,#N/B,#N/B,#N/B,2.431,92
COM,Comoros,2020,#N/B,#N/B,#N/B,#N/B,#N/B,#N/B,#N/B,#N/B,#N/B,#N/B,#N/B,#N/B,#N/B
COG,"Congo, Rep.",2020,#N/B,#N/B,#N/B,#N/B,#N/B,#N/B,#N/B,#N/B,#N/B,#N/B,#N/B,#N/B,#N/B
COD,"Congo, Dem. Rep.",2020,7.2,6.71,#N/B,#N/B,72.63,74,73.29,9722443,9066577,446205,32.07,#N/B,#N/B
CIV,Cote d'Ivoire,2020,5.38,5.27,326998,366370,67.93,72.47,70.11,2119318,1982112,101085,32.46,0.173,89.55
DJI,Djibouti,2020,3.21,2.86,#N/B,#N/B,90.43,88.31,89.45,36966,32168,2310,30.61,#N/B,#N/B
EGY,"Egypt, Arab Rep.",2020,5.76,5.72,345394,306837,99.52,100,99.75,7131948,6780647,525396,62.92,#N/B,#N/B
GNQ,Equatorial Guinea,2020,3.11,3.03,#N/B,#N/B,#N/B,#N/B,#N/B,62984,60576,#N/B,#N/B,#N/B,#N/B
ERI,Eritrea,2020,#N/B,#N/B,#N/B,#N/B,#N/B,#N/B,#N/B,#N/B,#N/B,#N/B,#N/B,#N/B,#N/B
ETH,Ethiopia,2020,7.12,6.5,#N/B,#N/B,#N/B,#N/B,#N/B,10824941,9594211,537596,41.12,#N/B,#N/B
SWZ,Eswatini,2020,#N/B,#N/B,#N/B,#N/B,#N/B,#N/B,#N/B,#N/B,#N/B,#N/B,#N/B,#N/B,#N/B
GAB,Gabon,2020,#N/B,#N/B,#N/B,#N/B,#N/B,#N/B,#N/B,#N/B,#N/B,#N/B,#N/B,#N/B,#N/B
GMB,"Gambia, The",2020,5.62,6.28,48014,26783,77.82,87.35,82.77,187253,205804,10780,39.96,#N/B,#N/B
GHA,Ghana,2020,#N/B,#N/B,248002,244041,#N/B,#N/B,#N/B,2319908,2264473,185715,44.54,#N/B,#N/B
GNB,Guinea-Bissau,2020,#N/B,#N/B,#N/B,#N/B,#N/B,#N/B,#N/B,#N/B,#N/B,#N/B,#N/B,#N/B,#N/B
GIN,Guinea,2020,6.48,5.55,90958,217989,#N/B,#N/B,#N/B,1147413,960248,43914,40.94,#N/B,83.05
KEN,Kenya,2020,#N/B,#N/B,#N/B,#N/B,#N/B,#N/B,#N/B,#N/B,#N/B,#N/B,#N/B,#N/B,#N/B
LSO,Lesotho,2020,6.36,6.16,46140,43338,34.17,57.02,44.12,164303,158731,9932,74.88,#N/B,#N/B
LBY,Libya,2020,#N/B,#N/B,#N/B,#N/B,#N/B,#N/B,#N/B,#N/B,#N/B,#N/B,#N/B,#N/B,#N/B
LBR,Liberia,2020,5.71,5.61,141273,123913,#N/B,#N/B,#N/B,310400,297158,29288,19.43,#N/B,#N/B
MWI,Malawi,2020,#N/B,#N/B,#N/B,#N/B,#N/B,#N/B,#N/B,#N/B,#N/B,#N/B,#N/B,#N/B,#N/B
MDG,Madagascar,2020,6.4,6.53,173136,78735,42.35,46.99,44.67,2388211,2386584,129008,52.65,#N/B,#N/B
MLI,Mali,2020,4.6,4.13,#N/B,#N/B,#N/B,#N/B,#N/B,1456155,1277912,63784,31.63,3.026,75.23
MRT,Mauritania,2020,4.92,5.26,#N/B,#N/B,#N/B,#N/B,#N/B,320572,333655,#N/B,#N/B,#N/B,#N/B
MUS,Mauritius,2020,5.64,5.69,1431,1731,92.94,98.34,95.6,41562,40952,5903,80.67,#N/B,#N/B
MOZ,Mozambique,2020,8.89,8.3,#N/B,#N/B,#N/B,#N/B,#N/B,3723272,3496663,124777,46.78,#N/B,#N/B
MAR,Morocco,2020,6.88,6.66,#N/B,#N/B,91.53,92.48,91.99,2362843,2173076,166728,58.74,#N/B,#N/B
NAM,Namibia,2020,9.01,8.64,#N/B,#N/B,#N/B,#N/B,#N/B,263126,255324,19038,#N/B,#N/B,#N/B
NGA,Nigeria,2020,5.09,5.03,#N/B,#N/B,#N/B,#N/B,#N/B,15364040,14736044,823581,57.74,#N/B,#N/B
NER,Niger,2020,4.61,4.14,#N/B,#N/B,52.17,58.2,54.96,1549173,1346480,73533,55.94,#N/B,#N/B
RWA,Rwanda,2020,#N/B,#N/B,#N/B,#N/B,#N/B,#N/B,#N/B,#N/B,#N/B,#N/B,#N/B,#N/B,#N/B
STP,Sao Tome and Principe,2020,#N/B,#N/B,#N/B,#N/B,#N/B,#N/B,#N/B,#N/B,#N/B,#N/B,#N/B,#N/B,#N/B
SEN,Senegal,2020,4.66,5.57,403806,206440,56.94,65.74,61.49,1065003,1194985,66447,32.23,0.662,74.41
SYC,Seychelles,2020,6.94,7.39,#N/B,#N/B,94.69,95.3,95.02,4784,4725,623,84.75,#N/B,#N/B
SOM,Somalia,2020,#N/B,#N/B,#N/B,#N/B,#N/B,#N/B,#N/B,#N/B,#N/B,#N/B,#N/B,#N/B,#N/B
SLE,Sierra Leone,2020,8.34,8.71,#N/B,#N/B,42.76,42.56,42.67,866227,893546,46677,30.83,18.178,39.08
ZAF,South Africa,2020,7.3,6.94,346726,274011,93.81,97.23,95.47,3977957,3738082,#N/B,#N/B,1.363,69.77
SDN,Sudan,2020,#N/B,#N/B,#N/B,#N/B,#N/B,#N/B,#N/B,#N/B,#N/B,#N/B,#N/B,#N/B,#N/B
SSD,South Sudan,2020,#N/B,#N/B,#N/B,#N/B,#N/B,#N/B,#N/B,#N/B,#N/B,#N/B,#N/B,#N/B,#N/B
TZA,Tanzania,2020,6.86,6.97,826417,658248,66.25,78.63,72.37,5443914,5481982,194736,49.22,#N/B,#N/B
TGO,Togo,2020,7.28,7.15,27543,34724,60.81,58.34,59.59,831635,802806,41685,17.45,#N/B,#N/B
TUN,Tunisia,2020,6.34,6.24,17156,4396,96.67,97.96,97.3,660609,608803,75548,67.06,#N/B,#N/B
UGA,Uganda,2020,#N/B,#N/B,#N/B,#N/B,#N/B,#N/B,#N/B,#N/B,#N/B,#N/B,#N/B,#N/B,#N/B
ZMB,Zambia,2020,6.53,6.7,#N/B,#N/B,#N/B,#N/B,#N/B,1682968,1732802,83160,56.18,#N/B,#N/B
ZWE,Zimbabwe,2020,6.72,6.76,275109,243406,83.53,89.5,86.48,1435917,1433818,75960,61.35,#N/B,#N/B
BEN,Benin,2020,6.45,5.94,131313,183238,54.94,53.22,54.12,1149110,1033614,57002,28.65,#N/B,#N/B
DZA,Algeria,2021,5.35,5.16,24035,16681,91.92,93.46,92.68,#N/B,#N/B,200749,82.34,#N/B,#N/B
AGO,Angola,2021,5.72,5.55,#N/B,#N/B,#N/B,#N/B,#N/B,2664399,2553541,96805,50.01,#N/B,#N/B
BWA,Botswana,2021,7.42,7.23,#N/B,#N/B,#N/B,#N/B,#N/B,186371,178917,14313,74.01,#N/B,#N/B
BFA,Burkina Faso,2021,5.29,5.36,558850,539690,39.94,52.8,46.03,1659839,1629897,92911,47.65,#N/B,#N/B
CPV,Cabo Verde,2021,6.25,6.13,1953,867,#N/B,#N/B,#N/B,31911,29340,3070,67.79,#N/B,#N/B
CMR,Cameroon,2021,6.99,6.28,#N/B,#N/B,64.77,68.28,66.41,2502678,2228907,105129,57.21,#N/B,#N/B
BDI,Burundi,2021,#N/B,#N/B,#N/B,#N/B,#N/B,#N/B,#N/B,#N/B,#N/B,#N/B,#N/B,#N/B,#N/B
CAF,Central African Republic,2021,#N/B,#N/B,#N/B,#N/B,#N/B,#N/B,#N/B,#N/B,#N/B,#N/B,#N/B,#N/B,#N/B
TCD,Chad,2021,5.78,4.72,347888,553691,#N/B,#N/B,#N/B,1514639,1204725,48394,20.06,#N/B,#N/B
COM,Comoros,2021,5.37,5.16,15216,15690,#N/B,#N/B,#N/B,54544,50500,4707,43.91,#N/B,#N/B
COG,"Congo, Rep.",2021,#N/B,#N/B,#N/B,#N/B,#N/B,#N/B,#N/B,#N/B,#N/B,#N/B,#N/B,#N/B,#N/B
COD,"Congo, Dem. Rep.",2021,7.43,6.98,#N/B,#N/B,#N/B,#N/B,#N/B,10395185,9774090,511999,32.24,#N/B,#N/B
CIV,Cote d'Ivoire,2021,5.21,5.12,388760,428360,63.8,68.09,65.84,2110267,1992558,100263,35,0.573,88.79
DJI,Djibouti,2021,3.28,2.91,#N/B,#N/B,87.16,85.58,86.4,37607,32717,2437,32.66,#N/B,#N/B
EGY,"Egypt, Arab Rep.",2021,5.83,5.78,254318,225766,#N/B,#N/B,#N/B,7457120,7098303,526106,63.95,6.198,49.15
GNQ,Equatorial Guinea,2021,2.99,2.93,#N/B,#N/B,#N/B,#N/B,#N/B,62429,60313,#N/B,#N/B,#N/B,#N/B
ERI,Eritrea,2021,#N/B,#N/B,#N/B,#N/B,#N/B,#N/B,#N/B,#N/B,#N/B,#N/B,#N/B,#N/B,#N/B
ETH,Ethiopia,2021,6.56,6.06,2109059,2575384,#N/B,#N/B,#N/B,9753392,8694105,516403,40.37,#N/B,#N/B
SWZ,Eswatini,2021,#N/B,#N/B,#N/B,#N/B,#N/B,#N/B,#N/B,#N/B,#N/B,#N/B,#N/B,#N/B,#N/B
GAB,Gabon,2021,5.09,4.88,#N/B,#N/B,#N/B,#N/B,#N/B,145657,138497,#N/B,#N/B,#N/B,#N/B
GMB,"Gambia, The",2021,5.57,6.29,50693,28569,73.26,84.25,78.94,190204,211129,12116,41.31,#N/B,#N/B
GHA,Ghana,2021,#N/B,#N/B,427311,427902,91.39,85.44,88.42,2394880,2334634,172817,46.32,#N/B,#N/B
GNB,Guinea-Bissau,2021,#N/B,#N/B,#N/B,#N/B,#N/B,#N/B,#N/B,#N/B,#N/B,#N/B,#N/B,#N/B,#N/B
GIN,Guinea,2021,6.2,5.4,155056,261220,#N/B,#N/B,#N/B,1119885,952365,45766,33.14,#N/B,#N/B
KEN,Kenya,2021,#N/B,#N/B,#N/B,#N/B,#N/B,#N/B,#N/B,#N/B,#N/B,#N/B,#N/B,#N/B,#N/B
LSO,Lesotho,2021,6.15,6,58058,55099,#N/B,#N/B,#N/B,160793,156539,10011,74.35,#N/B,#N/B
LBY,Libya,2021,#N/B,#N/B,#N/B,#N/B,#N/B,#N/B,#N/B,#N/B,#N/B,#N/B,#N/B,#N/B,#N/B
LBR,Liberia,2021,4.25,4.21,151789,148480,#N/B,#N/B,#N/B,290497,281630,31447,20.03,#N/B,#N/B
MWI,Malawi,2021,7.48,7.77,#N/B,#N/B,#N/B,#N/B,#N/B,2091691,2187379,#N/B,#N/B,#N/B,#N/B
MDG,Madagascar,2021,7.01,7.2,#N/B,#N/B,45.88,48.69,47.31,2668284,2680726,133272,52.52,#N/B,#N/B
MLI,Mali,2021,4.45,4.06,#N/B,#N/B,#N/B,#N/B,#N/B,1450780,1291868,68691,32.13,1.92,77.11
MRT,Mauritania,2021,#N/B,#N/B,#N/B,#N/B,#N/B,#N/B,#N/B,#N/B,#N/B,#N/B,#N/B,#N/B,#N/B
MUS,Mauritius,2021,5.88,5.97,2833,2294,#N/B,#N/B,#N/B,42306,41823,5936,81.45,#N/B,#N/B
MOZ,Mozambique,2021,8.34,7.81,#N/B,#N/B,#N/B,#N/B,#N/B,3737813,3478506,#N/B,#N/B,#N/B,#N/B
MAR,Morocco,2021,6.88,6.7,#N/B,#N/B,97.52,98.36,97.93,2367443,2185309,171569,60.49,#N/B,#N/B
NAM,Namibia,2021,8.95,8.55,#N/B,#N/B,#N/B,#N/B,#N/B,270761,262529,19201,#N/B,#N/B,#N/B
NGA,Nigeria,2021,5.05,5,#N/B,#N/B,#N/B,#N/B,#N/B,15524380,14931202,913305,55.23,#N/B,#N/B
NER,Niger,2021,4.13,3.77,839084,920614,58.71,61.79,60.13,1490055,1315968,69272,55.28,#N/B,#N/B
RWA,Rwanda,2021,9.11,8.97,#N/B,#N/B,#N/B,#N/B,#N/B,1370022,1359094,60666,57.69,9.885,42.68
STP,Sao Tome and Principe,2021,6.85,6.27,293,818,#N/B,#N/B,#N/B,19689,17981,#N/B,#N/B,#N/B,#N/B
SEN,Senegal,2021,4.57,5.57,445793,226319,60.81,60.86,60.87,1063502,1206115,67548,32.44,0.665,72
SYC,Seychelles,2021,6.57,7.02,#N/B,#N/B,#N/B,#N/B,95.62,4779,4662,589,86.42,#N/B,#N/B
SOM,Somalia,2021,#N/B,#N/B,#N/B,#N/B,#N/B,#N/B,#N/B,#N/B,#N/B,#N/B,#N/B,#N/B,#N/B
SLE,Sierra Leone,2021,9.2,9.65,#N/B,#N/B,#N/B,#N/B,#N/B,965048,999298,43747,31.3,13.663,45.42
ZAF,South Africa,2021,7.32,6.97,276587,11885,#N/B,#N/B,92.76,3963021,3735103,#N/B,#N/B,1.03,67.51
SDN,Sudan,2021,#N/B,#N/B,#N/B,#N/B,#N/B,#N/B,#N/B,#N/B,#N/B,#N/B,#N/B,#N/B,#N/B
SSD,South Sudan,2021,#N/B,#N/B,#N/B,#N/B,#N/B,#N/B,#N/B,#N/B,#N/B,#N/B,#N/B,#N/B,#N/B
TZA,Tanzania,2021,6.83,7.02,826124,613026,#N/B,#N/B,#N/B,5558881,5640284,197919,48.84,#N/B,#N/B
TGO,Togo,2021,7.14,6.98,19298,32150,65.07,65.35,65.21,831510,797554,42250,18.26,#N/B,#N/B
TUN,Tunisia,2021,6.36,6.25,16963,4451,#N/B,#N/B,#N/B,678452,625306,78774,68.54,#N/B,#N/B
UGA,Uganda,2021,#N/B,#N/B,#N/B,#N/B,#N/B,#N/B,#N/B,#N/B,#N/B,#N/B,#N/B,#N/B,#N/B
ZMB,Zambia,2021,6.63,6.88,#N/B,#N/B,#N/B,#N/B,#N/B,1747324,1816661,83680,56.21,#N/B,#N/B
ZWE,Zimbabwe,2021,6.64,6.68,164595,129944,#N/B,#N/B,#N/B,1450416,1448843,80175,62.35,#N/B,#N/B
BEN,Benin,2021,6.54,6.03,101191,160686,53.9,54.38,54.13,1199936,1079672,58524,28.93,#N/B,#N/B
DZA,Algeria,2022,5.4,5.22,65258,36496,#N/B,#N/B,#N/B,#N/B,#N/B,206998,82.66,#N/B,#N/B
AGO,Angola,2022,5.31,5.13,#N/B,#N/B,#N/B,#N/B,#N/B,2680158,2568122,96805,#N/B,#N/B,#N/B
BWA,Botswana,2022,7.76,7.6,#N/B,#N/B,#N/B,#N/B,#N/B,193965,187709,16622,74.08,#N/B,#N/B
BFA,Burkina Faso,2022,4.96,5.08,637776,606933,26.53,36.05,31.03,1593461,1581485,88222,48.97,#N/B,#N/B
CPV,Cabo Verde,2022,#N/B,#N/B,#N/B,#N/B,#N/B,#N/B,#N/B,#N/B,#N/B,#N/B,#N/B,#N/B,#N/B
CMR,Cameroon,2022,7.1,6.46,#N/B,#N/B,65.08,66.95,65.96,2603539,2340751,113053,58.69,#N/B,#N/B
BDI,Burundi,2022,#N/B,#N/B,#N/B,#N/B,#N/B,#N/B,#N/B,#N/B,#N/B,#N/B,#N/B,#N/B,#N/B
CAF,Central African Republic,2022,#N/B,#N/B,#N/B,#N/B,#N/B,#N/B,#N/B,#N/B,#N/B,#N/B,#N/B,#N/B,#N/B
TCD,Chad,2022,5.81,4.8,360473,563665,#N/B,#N/B,#N/B,1568771,1264119,49875,20.08,#N/B,#N/B
COM,Comoros,2022,#N/B,#N/B,#N/B,#N/B,#N/B,#N/B,#N/B,#N/B,#N/B,#N/B,#N/B,#N/B,#N/B
COG,"Congo, Rep.",2022,#N/B,#N/B,#N/B,#N/B,#N/B,#N/B,#N/B,#N/B,#N/B,#N/B,#N/B,#N/B,#N/B
COD,"Congo, Dem. Rep.",2022,#N/B,#N/B,#N/B,#N/B,#N/B,#N/B,#N/B,#N/B,#N/B,#N/B,#N/B,#N/B,#N/B
CIV,Cote d'Ivoire,2022,5.28,5.19,390029,474797,#N/B,#N/B,#N/B,2183696,2068807,101670,36.02,0,85.84
DJI,Djibouti,2022,3.34,3,#N/B,#N/B,71.5,74.03,72.68,38326,33632,2569,34.53,#N/B,#N/B
EGY,"Egypt, Arab Rep.",2022,5.36,5.38,#N/B,#N/B,#N/B,#N/B,#N/B,7058445,6759800,441263,66.77,6.355,50.32
GNQ,Equatorial Guinea,2022,#N/B,#N/B,#N/B,#N/B,#N/B,#N/B,#N/B,#N/B,#N/B,#N/B,#N/B,#N/B,#N/B
ERI,Eritrea,2022,4.86,4.12,83559,95607,#N/B,#N/B,#N/B,216955,181135,12025,44.08,#N/B,#N/B
ETH,Ethiopia,2022,5.41,5.03,2045724,2474048,#N/B,#N/B,#N/B,8194749,7326268,353124,46.07,#N/B,#N/B
SWZ,Eswatini,2022,#N/B,#N/B,#N/B,#N/B,#N/B,#N/B,#N/B,#N/B,#N/B,#N/B,#N/B,#N/B,#N/B
GAB,Gabon,2022,#N/B,#N/B,#N/B,#N/B,#N/B,#N/B,#N/B,#N/B,#N/B,#N/B,#N/B,#N/B,#N/B
GMB,"Gambia, The",2022,5.46,6.22,52087,27946,#N/B,#N/B,#N/B,195599,218878,12786,44.16,#N/B,#N/B
GHA,Ghana,2022,#N/B,#N/B,#N/B,#N/B,#N/B,#N/B,#N/B,2440080,2320413,#N/B,#N/B,#N/B,#N/B
GNB,Guinea-Bissau,2022,#N/B,#N/B,#N/B,#N/B,#N/B,#N/B,#N/B,#N/B,#N/B,#N/B,#N/B,#N/B,#N/B
GIN,Guinea,2022,6.46,5.63,#N/B,#N/B,#N/B,#N/B,#N/B,1193675,1015048,48437,33.06,#N/B,#N/B
KEN,Kenya,2022,#N/B,#N/B,#N/B,#N/B,#N/B,#N/B,#N/B,#N/B,#N/B,#N/B,#N/B,#N/B,#N/B
LSO,Lesotho,2022,6.05,5.83,56441,54487,61.77,78.82,69.91,161106,154616,10022,74.35,#N/B,#N/B
LBY,Libya,2022,#N/B,#N/B,#N/B,#N/B,#N/B,#N/B,#N/B,#N/B,#N/B,#N/B,#N/B,#N/B,#N/B
LBR,Liberia,2022,4.09,4.18,169711,157569,#N/B,#N/B,#N/B,284866,284875,37210,15.69,#N/B,#N/B
MWI,Malawi,2022,7.47,7.72,#N/B,#N/B,#N/B,#N/B,#N/B,2104767,2182968,#N/B,#N/B,#N/B,#N/B
MDG,Madagascar,2022,6.57,6.78,#N/B,#N/B,#N/B,#N/B,#N/B,2553709,2571317,133704,53.71,#N/B,#N/B
MLI,Mali,2022,#N/B,#N/B,#N/B,#N/B,#N/B,#N/B,#N/B,#N/B,#N/B,#N/B,#N/B,#N/B,#N/B
MRT,Mauritania,2022,#N/B,#N/B,#N/B,#N/B,#N/B,#N/B,#N/B,#N/B,#N/B,#N/B,#N/B,#N/B,#N/B
MUS,Mauritius,2022,#N/B,#N/B,#N/B,#N/B,#N/B,#N/B,#N/B,#N/B,#N/B,#N/B,#N/B,#N/B,#N/B
MOZ,Mozambique,2022,8.82,8.31,#N/B,#N/B,#N/B,#N/B,#N/B,3938694,3717361,133644,47.3,#N/B,#N/B
MAR,Morocco,2022,7.08,6.91,#N/B,#N/B,93.15,94.34,93.73,2429768,2245718,175292,61.52,#N/B,#N/B
NAM,Namibia,2022,8.89,8.47,#N/B,#N/B,#N/B,#N/B,#N/B,277824,269887,19622,#N/B,#N/B,#N/B
NGA,Nigeria,2022,#N/B,#N/B,#N/B,#N/B,#N/B,#N/B,#N/B,#N/B,#N/B,#N/B,#N/B,#N/B,#N/B
NER,Niger,2022,4.11,3.81,866920,933827,56.57,62.17,59.17,1534831,1374687,67536,55.58,#N/B,#N/B
RWA,Rwanda,2022,9.11,8.9,#N/B,#N/B,#N/B,#N/B,#N/B,1384332,1358219,63046,57.44,8.413,41.97
STP,Sao Tome and Principe,2022,#N/B,#N/B,#N/B,#N/B,#N/B,#N/B,#N/B,#N/B,#N/B,#N/B,#N/B,#N/B,#N/B
SEN,Senegal,2022,4.58,5.7,462877,216309,60.18,71.13,65.89,1079758,1241565,72281,33.49,0.87,71.61
SYC,Seychelles,2022,5.86,5.9,105,83,95.47,96.13,95.81,4822,4716,609,87.52,#N/B,#N/B
SOM,Somalia,2022,#N/B,#N/B,#N/B,#N/B,#N/B,#N/B,#N/B,#N/B,#N/B,#N/B,#N/B,#N/B,#N/B
SLE,Sierra Leone,2022,9.5,9.99,#N/B,#N/B,#N/B,#N/B,#N/B,1003316,1045000,48414,32.71,13.886,42.85
ZAF,South Africa,2022,7.37,6.99,221989,209355,#N/B,#N/B,#N/B,3929066,3701710,#N/B,#N/B,1.19,67.98
SDN,Sudan,2022,#N/B,#N/B,#N/B,#N/B,#N/B,#N/B,#N/B,#N/B,#N/B,#N/B,#N/B,#N/B,#N/B
SSD,South Sudan,2022,#N/B,#N/B,#N/B,#N/B,#N/B,#N/B,#N/B,#N/B,#N/B,#N/B,#N/B,#N/B,#N/B
TZA,Tanzania,2022,6.15,6.47,893024,620835,#N/B,#N/B,#N/B,5183253,5370873,201672,48.5,#N/B,#N/B
TGO,Togo,2022,7.18,7.04,#N/B,#N/B,54.9,55.61,55.24,852504,819971,41132,19.09,#N/B,#N/B
TUN,Tunisia,2022,6.34,6.22,15074,4862,#N/B,#N/B,#N/B,687086,634077,81795,69.83,#N/B,#N/B
UGA,Uganda,2022,#N/B,#N/B,#N/B,#N/B,#N/B,#N/B,#N/B,#N/B,#N/B,#N/B,#N/B,#N/B,#N/B
ZMB,Zambia,2022,14.55,7.37,#N/B,#N/B,#N/B,#N/B,#N/B,3906639,1983591,110532,57.07,#N/B,#N/B
ZWE,Zimbabwe,2022,6.6,6.64,145410,112810,#N/B,#N/B,#N/B,1472762,1470608,83734,61.39,#N/B,#N/B
BEN,Benin,2022,6.67,6.17,77007,136278,#N/B,#N/B,#N/B,1259819,1137893,59742,29.64,#N/B,#N/B
DZA,Algeria,2023,5.39,5.25,#N/B,#N/B,92.32,92.93,92.61,#N/B,#N/B,212345,82.92,0.06,0.94
AGO,Angola,2023,#N/B,#N/B,#N/B,#N/B,#N/B,#N/B,#N/B,#N/B,#N/B,#N/B,#N/B,#N/B,#N/B
BWA,Botswana,2023,#N/B,#N/B,#N/B,#N/B,#N/B,#N/B,#N/B,#N/B,#N/B,#N/B,#N/B,#N/B,#N/B
BFA,Burkina Faso,2023,4.33,4.48,847639,799663,#N/B,#N/B,#N/B,1416262,1419282,83736,50.7,#N/B,#N/B
CPV,Cabo Verde,2023,#N/B,#N/B,#N/B,#N/B,#N/B,#N/B,#N/B,#N/B,#N/B,#N/B,#N/B,#N/B,#N/B
CMR,Cameroon,2023,7.2,6.58,#N/B,#N/B,#N/B,#N/B,#N/B,2708825,2446722,119001,60.2,#N/B,#N/B
BDI,Burundi,2023,#N/B,#N/B,#N/B,#N/B,#N/B,#N/B,#N/B,#N/B,#N/B,#N/B,#N/B,#N/B,#N/B
CAF,Central African Republic,2023,#N/B,#N/B,#N/B,#N/B,#N/B,#N/B,#N/B,#N/B,#N/B,#N/B,#N/B,#N/B,#N/B
TCD,Chad,2023,5.85,4.91,346252,547558,#N/B,#N/B,#N/B,1625922,1329555,51345,20.28,#N/B,#N/B
COM,Comoros,2023,6.06,5.68,11358,13875,#N/B,#N/B,#N/B,62912,57274,4322,42.73,#N/B,#N/B
COG,"Congo, Rep.",2023,5.37,5.24,87114,84011,#N/B,#N/B,#N/B,449246,431379,23019,61.56,#N/B,#N/B
COD,"Congo, Dem. Rep.",2023,7.25,6.86,#N/B,#N/B,#N/B,#N/B,#N/B,10869344,10276181,561172,32.35,#N/B,#N/B
CIV,Cote d'Ivoire,2023,5.61,5.47,316365,347655,#N/B,#N/B,#N/B,2378563,2254174,105502,37.05,0.207,85.54
DJI,Djibouti,2023,3.22,2.94,#N/B,#N/B,#N/B,#N/B,#N/B,36857,32848,2739,37.39,#N/B,#N/B
EGY,"Egypt, Arab Rep.",2023,5.77,5.77,359372,333765,#N/B,#N/B,#N/B,7707041,7359417,501265,65.02,#N/B,#N/B
GNQ,Equatorial Guinea,2023,#N/B,#N/B,#N/B,#N/B,#N/B,#N/B,#N/B,#N/B,#N/B,#N/B,#N/B,#N/B,#N/B
ERI,Eritrea,2023,#N/B,#N/B,#N/B,#N/B,#N/B,#N/B,#N/B,#N/B,#N/B,#N/B,#N/B,#N/B,#N/B
ETH,Ethiopia,2023,5.27,4.92,2014038,2409915,#N/B,#N/B,#N/B,8183928,7361876,358079,45.48,#N/B,#N/B
SWZ,Eswatini,2023,8.43,7.88,#N/B,#N/B,#N/B,#N/B,#N/B,115133,107218,8880,69.83,#N/B,#N/B
GAB,Gabon,2023,#N/B,#N/B,#N/B,#N/B,#N/B,#N/B,#N/B,#N/B,#N/B,#N/B,#N/B,#N/B,#N/B
GMB,"Gambia, The",2023,5.52,6.33,53459,27969,#N/B,#N/B,#N/B,201420,226633,13258,46.12,#N/B,#N/B
GHA,Ghana,2023,#N/B,#N/B,#N/B,#N/B,#N/B,#N/B,#N/B,#N/B,#N/B,#N/B,#N/B,#N/B,#N/B
GNB,Guinea-Bissau,2023,#N/B,#N/B,#N/B,#N/B,#N/B,#N/B,#N/B,#N/B,#N/B,#N/B,#N/B,#N/B,#N/B
GIN,Guinea,2023,6.69,5.82,#N/B,#N/B,#N/B,#N/B,#N/B,1253068,1059781,53388,35.08,#N/B,#N/B
KEN,Kenya,2023,#N/B,#N/B,#N/B,#N/B,#N/B,#N/B,#N/B,#N/B,#N/B,#N/B,#N/B,#N/B,#N/B
LSO,Lesotho,2023,5.9,5.68,59728,57586,#N/B,#N/B,#N/B,159287,152718,10021,74.21,#N/B,#N/B
LBY,Libya,2023,#N/B,#N/B,#N/B,#N/B,#N/B,#N/B,#N/B,#N/B,#N/B,#N/B,#N/B,#N/B,#N/B
LBR,Liberia,2023,#N/B,#N/B,#N/B,#N/B,#N/B,#N/B,#N/B,#N/B,#N/B,#N/B,#N/B,#N/B,#N/B
MWI,Malawi,2023,#N/B,#N/B,#N/B,#N/B,#N/B,#N/B,#N/B,#N/B,#N/B,#N/B,#N/B,#N/B,#N/B
MDG,Madagascar,2023,6.45,6.69,#N/B,#N/B,#N/B,#N/B,#N/B,2542332,2571165,135269,54.06,#N/B,#N/B
MLI,Mali,2023,4.52,4.12,637982,750975,#N/B,#N/B,#N/B,1572859,1399791,59920,31.94,#N/B,#N/B
MRT,Mauritania,2023,6.26,6.22,#N/B,#N/B,#N/B,#N/B,#N/B,437809,423959,22372,#N/B,#N/B,#N/B
MUS,Mauritius,2023,6.53,6.61,872,527,#N/B,#N/B,#N/B,45081,43920,5640,79.38,#N/B,#N/B
MOZ,Mozambique,2023,8.4,8.09,#N/B,#N/B,#N/B,#N/B,#N/B,3958780,3788110,#N/B,#N/B,#N/B,#N/B
MAR,Morocco,2023,7.12,6.97,#N/B,#N/B,#N/B,#N/B,#N/B,2430872,2252141,180715,62.87,#N/B,#N/B
NAM,Namibia,2023,8.87,8.43,#N/B,#N/B,#N/B,#N/B,#N/B,286282,278859,20350,#N/B,#N/B,#N/B
NGA,Nigeria,2023,#N/B,#N/B,#N/B,#N/B,#N/B,#N/B,#N/B,#N/B,#N/B,#N/B,#N/B,#N/B,#N/B
NER,Niger,2023,4.1,3.87,866250,913575,#N/B,#N/B,#N/B,1580218,1442486,68237,56.01,#N/B,#N/B
RWA,Rwanda,2023,9.41,9.07,#N/B,#N/B,#N/B,#N/B,#N/B,1445412,1392931,67539,56.91,3.643,62.74
STP,Sao Tome and Principe,2023,#N/B,#N/B,#N/B,#N/B,#N/B,#N/B,#N/B,#N/B,#N/B,#N/B,#N/B,#N/B,#N/B
SEN,Senegal,2023,4.55,5.77,463457,195212,#N/B,#N/B,#N/B,1084040,1256179,72008,33.43,#N/B,#N/B
SYC,Seychelles,2023,5.86,5.85,115,165,#N/B,#N/B,#N/B,4893,4705,692,87.57,#N/B,#N/B
SOM,Somalia,2023,0.91,0.76,#N/B,#N/B,#N/B,#N/B,#N/B,256694,207913,#N/B,#N/B,#N/B,#N/B
SLE,Sierra Leone,2023,9.28,9.78,#N/B,#N/B,#N/B,#N/B,#N/B,988625,1028545,46007,33.14,#N/B,#N/B
ZAF,South Africa,2023,#N/B,#N/B,#N/B,#N/B,#N/B,#N/B,#N/B,#N/B,#N/B,#N/B,#N/B,1.231,65.72
SDN,Sudan,2023,#N/B,#N/B,#N/B,#N/B,#N/B,#N/B,#N/B,#N/B,#N/B,#N/B,#N/B,#N/B,#N/B
SSD,South Sudan,2023,6.24,5.63,#N/B,#N/B,#N/B,#N/B,#N/B,968719,854712,#N/B,#N/B,#N/B,#N/B
TZA,Tanzania,2023,6.52,6.85,997845,684198,#N/B,#N/B,#N/B,5618716,5810253,207323,48.19,#N/B,#N/B
TGO,Togo,2023,7.04,6.89,#N/B,#N/B,#N/B,#N/B,#N/B,848975,815497,38768,21.09,#N/B,#N/B
TUN,Tunisia,2023,6.35,6.23,11133,2882,#N/B,#N/B,#N/B,695193,642334,84596,71.91,#N/B,#N/B
UGA,Uganda,2023,#N/B,#N/B,#N/B,#N/B,#N/B,#N/B,#N/B,#N/B,#N/B,#N/B,#N/B,#N/B,#N/B
ZMB,Zambia,2023,7.36,7.59,#N/B,#N/B,#N/B,#N/B,#N/B,2009136,2076188,112881,57.36,#N/B,#N/B
ZWE,Zimbabwe,2023,6.53,6.6,161725,127695,#N/B,#N/B,#N/B,1476094,1477213,86043,61.3,#N/B,#N/B
BEN,Benin,2023,#N/B,#N/B,#N/B,#N/B,#N/B,#N/B,#N/B,#N/B,#N/B,#N/B,#N/B,#N/B,#N/B
